https://www.globalwildlife.org/press/,https://www.rewild.org/press
https://www.globalwildlife.org/press/100-of-the-worlds-rarest-wading-bird-released-into-the-wild/,https://www.rewild.org/press/100-of-the-worlds-rarest-wading-bird-released-into-the-wild
https://www.globalwildlife.org/press/2017s-top-lost-species-rediscoveries-spur-hope-for-future-quests/,https://www.rewild.org/press/2017s-top-lost-species-rediscoveries-spur-hope-for-future-quests
https://www.globalwildlife.org/press/all-eyes-on-commitment-of-ghanas-government-to-biodiversity/,https://www.rewild.org/press/all-eyes-on-commitment-of-ghanas-government-to-biodiversity
https://www.globalwildlife.org/press/amazing-new-footage-and-photos-of-a-javan-rhino-one-of-the-worlds-rarest-animals/,https://www.rewild.org/press/amazing-new-footage-and-photos-of-a-javan-rhino-one-of-the-worlds-rarest-animals
https://www.globalwildlife.org/press/austinites-celebrate-citys-global-role-in-conserving-wildlife/,https://www.rewild.org/press/austinites-celebrate-citys-global-role-in-conserving-wildlife
https://www.globalwildlife.org/press/australian-crowdfunding-campaign-to-save-the-tassie-devil-takes-off-with-a-major-boost-from-global-wildlife-conservation/,https://www.rewild.org/press/australian-crowdfunding-campaign-to-save-the-tassie-devil-takes-off-with-a-major-boost-from-global-wildlife-conservation
https://www.globalwildlife.org/press/aza-accredited-aquariums-and-zoos-announce-1-million-to-support-heroic-emergency-rescue-plan-to-save-the-vaquita-porpoise/,https://www.rewild.org/press/aza-accredited-aquariums-and-zoos-announce-1-million-to-support-heroic-emergency-rescue-plan-to-save-the-vaquita-porpoise
https://www.globalwildlife.org/press/background-info-nicaraguan-canals-potential-impact-on-jaguars-and-other-rare-wildlife/,https://www.rewild.org/press/background-info-nicaraguan-canals-potential-impact-on-jaguars-and-other-rare-wildlife
https://www.globalwildlife.org/press/bee-mimicking-clearwing-moth-buzzes-back-to-life-after-130-years/,https://www.rewild.org/press/bee-mimicking-clearwing-moth-buzzes-back-to-life-after-130-years
https://www.globalwildlife.org/press/big-year-birder-on-course-to-shatter-north-american-aba-record/,https://www.rewild.org/press/big-year-birder-on-course-to-shatter-north-american-aba-record
https://www.globalwildlife.org/press/biodiversity-survey-team-discovers-dozens-of-new-species-in-guyanas-kaieteur-national-park-and-upper-potaro-area/,https://www.rewild.org/press/biodiversity-survey-team-discovers-dozens-of-new-species-in-guyanas-kaieteur-national-park-and-upper-potaro-area
https://www.globalwildlife.org/press/biodiversity-survey-team-uncovers-dozens-of-new-species-in-guyana/,https://www.rewild.org/press/biodiversity-survey-team-uncovers-dozens-of-new-species-in-guyana
https://www.globalwildlife.org/press/blue-vipers-endangered-frogs-and-threatened-birds-protected-by-new-guatemalan-reserve/,https://www.rewild.org/press/blue-vipers-endangered-frogs-and-threatened-birds-protected-by-new-guatemalan-reserve
https://www.globalwildlife.org/press/bmw-group-tetra-pak-and-schuco-international-express-concerns-about-sourcing-aluminium-from-ghanas-irreplaceable-atewa-forest/,https://www.rewild.org/press/bmw-group-tetra-pak-and-schuco-international-express-concerns-about-sourcing-aluminium-from-ghanas-irreplaceable-atewa-forest
https://www.globalwildlife.org/press/brazils-hug-loving-hippie-monkeys-on-path-to-brighter-future-with-new-conservation-roadmap/,https://www.rewild.org/press/brazils-hug-loving-hippie-monkeys-on-path-to-brighter-future-with-new-conservation-roadmap
https://www.globalwildlife.org/press/breaking-95-percent-of-worlds-lemur-species-on-edge-of-extinction/,https://www.rewild.org/press/breaking-95-percent-of-worlds-lemur-species-on-edge-of-extinction
https://www.globalwildlife.org/press/breaking-honduran-government-announces-unprecedented-commitment-to-protect-ancient-city-and-surrounding-rainforest/,https://www.rewild.org/press/breaking-honduran-government-announces-unprecedented-commitment-to-protect-ancient-city-and-surrounding-rainforest
https://www.globalwildlife.org/press/breaking-unprecedented-win-for-conservation-in-jamaica/,https://www.rewild.org/press/breaking-unprecedented-win-for-conservation-in-jamaica
https://www.globalwildlife.org/press/business-in-key-biodiversity-areas-minimizing-the-risk-to-nature/,https://www.rewild.org/press/business-in-key-biodiversity-areas-minimizing-the-risk-to-nature
https://www.globalwildlife.org/press/cameroon-approves-logging-concession-that-will-destroy-ebo-forest-gorilla-habitat/,https://www.rewild.org/press/cameroon-approves-logging-concession-that-will-destroy-ebo-forest-gorilla-habitat
https://www.globalwildlife.org/press/chinas-turtle-conservation-hero-wins-prestigious-international-award/,https://www.rewild.org/press/chinas-turtle-conservation-hero-wins-prestigious-international-award
https://www.globalwildlife.org/press/christies-announces-initiative-with-global-wildlife-conservation/,https://www.rewild.org/press/christies-announces-initiative-with-global-wildlife-conservation
https://www.globalwildlife.org/press/cites-cop17-turtle-conservationists-urge-immediate-action-to-end-poaching-of-ploughshare-tortoise/,https://www.rewild.org/press/cites-cop17-turtle-conservationists-urge-immediate-action-to-end-poaching-of-ploughshare-tortoise
https://www.globalwildlife.org/press/colorful-mural-of-houston-toad-illuminates-downtown-austin/,https://www.rewild.org/press/colorful-mural-of-houston-toad-illuminates-downtown-austin
https://www.globalwildlife.org/press/conservation-international-and-global-wildlife-conservation-team-up-to-save-worlds-biodiversity/,https://www.rewild.org/press/conservation-international-and-global-wildlife-conservation-team-up-to-save-worlds-biodiversity
https://www.globalwildlife.org/press/conservationists-mobilize-to-help-endangered-lemurs-in-madagascar-through-the-pandemic-and-beyond/,https://www.rewild.org/press/conservationists-mobilize-to-help-endangered-lemurs-in-madagascar-through-the-pandemic-and-beyond
https://www.globalwildlife.org/press/conservationists-rally-around-ambitious-plan-to-save-every-species-of-africas-most-threatened-primate-group/,https://www.rewild.org/press/conservationists-rally-around-ambitious-plan-to-save-every-species-of-africas-most-threatened-primate-group
https://www.globalwildlife.org/press/contagious-cancer-in-tasmanian-devils-discovered-20-years-ago/,https://www.rewild.org/press/contagious-cancer-in-tasmanian-devils-discovered-20-years-ago
https://www.globalwildlife.org/press/creation-of-reserve-offers-first-protection-for-threatened-colombian-ecosystem/,https://www.rewild.org/press/creation-of-reserve-offers-first-protection-for-threatened-colombian-ecosystem
https://www.globalwildlife.org/press/critical-new-initiative-to-protect-mesoamericas-five-great-forests-launches-during-un-climate-summit/,https://www.rewild.org/press/critical-new-initiative-to-protect-mesoamericas-five-great-forests-launches-during-un-climate-summit
https://www.globalwildlife.org/press/des-specialistes-des-primates-soutiennent-un-processus-inclusif-afin-de-decider-de-lavenir-de-la-foret-biologiquement-riche-debo-au-cameroun/,https://www.rewild.org/press/des-specialistes-des-primates-soutiennent-un-processus-inclusif-afin-de-decider-de-lavenir-de-la-foret-biologiquement-riche-debo-au-cameroun
https://www.globalwildlife.org/press/devastating-yellow-fever-outbreak-spurs-questions-about-future-of-brazils-hippie-monkeys/,https://www.rewild.org/press/devastating-yellow-fever-outbreak-spurs-questions-about-future-of-brazils-hippie-monkeys
https://www.globalwildlife.org/press/devil-ark-founder-breaks-birding-record-for-north-america/,https://www.rewild.org/press/devil-ark-founder-breaks-birding-record-for-north-america
https://www.globalwildlife.org/press/discovery-of-new-orangutan-species-underscores-indonesias-critical-role-in-safeguarding-biodiversity/,https://www.rewild.org/press/discovery-of-new-orangutan-species-underscores-indonesias-critical-role-in-safeguarding-biodiversity
https://www.globalwildlife.org/press/dr-russell-a-mittermeier-named-winner-of-worlds-leading-animal-conservation-award/,https://www.rewild.org/press/dr-russell-a-mittermeier-named-winner-of-worlds-leading-animal-conservation-award
https://www.globalwildlife.org/press/earth-in-concert-protecting-the-planet-through-music/,https://www.rewild.org/press/earth-in-concert-protecting-the-planet-through-music
https://www.globalwildlife.org/press/ecuadorian-judge-dismisses-indigenous-peoples-lawsuit-over-oil-spill-in-amazon-kichwa-communities-vow-to-appeal-and-continue-fight-for-justice/,https://www.rewild.org/press/ecuadorian-judge-dismisses-indigenous-peoples-lawsuit-over-oil-spill-in-amazon-kichwa-communities-vow-to-appeal-and-continue-fight-for-justice
https://www.globalwildlife.org/press/en-busqueda-de-julieta-las-expediciones-se-ponen-en-marcha-para-encontrar-pareja-a-la-rana-mas-solitaria-del-mundo/,https://www.rewild.org/press/en-busqueda-de-julieta-las-expediciones-se-ponen-en-marcha-para-encontrar-pareja-a-la-rana-mas-solitaria-del-mundo
https://www.globalwildlife.org/press/encontrada-la-rana-arlequin-de-la-noche-estrellada-hace-radiante-regreso-a-la-ciencia/,https://www.rewild.org/press/encontrada-la-rana-arlequin-de-la-noche-estrellada-hace-radiante-regreso-a-la-ciencia
https://www.globalwildlife.org/press/end-the-trade-new-coalition-invites-global-community-to-take-a-stand-against-future-pandemics/,https://www.rewild.org/press/end-the-trade-new-coalition-invites-global-community-to-take-a-stand-against-future-pandemics
https://www.globalwildlife.org/press/equipo-de-rescate-evacua-las-ultimas-ranas-del-loa-en-chile/,https://www.rewild.org/press/equipo-de-rescate-evacua-las-ultimas-ranas-del-loa-en-chile
https://www.globalwildlife.org/press/experts-call-for-more-collaboration-and-investment-in-biodiversity-monitoring/,https://www.rewild.org/press/experts-call-for-more-collaboration-and-investment-in-biodiversity-monitoring
https://www.globalwildlife.org/press/failed-wildlife-photography-contest-to-honor-the-best-of-the-worst/,https://www.rewild.org/press/failed-wildlife-photography-contest-to-honor-the-best-of-the-worst
https://www.globalwildlife.org/press/forests-for-life-new-global-partnership-targets-planets-great-forests-for-urgent-protection/,https://www.rewild.org/press/forests-for-life-new-global-partnership-targets-planets-great-forests-for-urgent-protection
https://www.globalwildlife.org/press/found-chevrotain-miniature-fanged-deer-rediscovered-tiptoeing-through-vietnams-coastal-forests/,https://www.rewild.org/press/found-chevrotain-miniature-fanged-deer-rediscovered-tiptoeing-through-vietnams-coastal-forests
https://www.globalwildlife.org/press/found-locals-and-scientists-rediscover-the-black-browed-babbler-in-borneo-after-172-years/,https://www.rewild.org/press/found-locals-and-scientists-rediscover-the-black-browed-babbler-in-borneo-after-172-years
https://www.globalwildlife.org/press/found-lost-starry-night-harlequin-toad-makes-radiant-return-to-science/,https://www.rewild.org/press/found-lost-starry-night-harlequin-toad-makes-radiant-return-to-science
https://www.globalwildlife.org/press/found-rediscovery-of-lost-chameleon-reveals-reptiles-spectacular-true-colors/,https://www.rewild.org/press/found-rediscovery-of-lost-chameleon-reveals-reptiles-spectacular-true-colors
https://www.globalwildlife.org/press/found-remarkable-salamander-rediscovery-heralds-early-success-for-worldwide-quest-to-find-and-protect-lost-species/,https://www.rewild.org/press/found-remarkable-salamander-rediscovery-heralds-early-success-for-worldwide-quest-to-find-and-protect-lost-species
https://www.globalwildlife.org/press/found-romantically-monogamous-mouse-sized-elephant-shrew-rediscovered-dashing-around-the-wilds-of-djibouti-2/,https://www.rewild.org/press/found-romantically-monogamous-mouse-sized-elephant-shrew-rediscovered-dashing-around-the-wilds-of-djibouti-2
https://www.globalwildlife.org/press/freshwater-conservationists-worldwide-implore-federation-of-bosnia-and-herzegovina-to-permanently-protect-europes-last-wild-rivers/,https://www.rewild.org/press/freshwater-conservationists-worldwide-implore-federation-of-bosnia-and-herzegovina-to-permanently-protect-europes-last-wild-rivers
https://www.globalwildlife.org/press/global-conservation-organizations-applaud-government-of-belize-for-new-commitment-to-protect-central-americas-largest-highly-imperiled-forest/,https://www.rewild.org/press/global-conservation-organizations-applaud-government-of-belize-for-new-commitment-to-protect-central-americas-largest-highly-imperiled-forest
https://www.globalwildlife.org/press/global-wildlife-conservation-welcomes-two-new-board-members/,https://www.rewild.org/press/global-wildlife-conservation-welcomes-two-new-board-members
https://www.globalwildlife.org/press/guatemalan-government-creates-47000-acre-sierra-caral-protected-area/,https://www.rewild.org/press/guatemalan-government-creates-47000-acre-sierra-caral-protected-area
https://www.globalwildlife.org/press/gwc-helps-expand-critical-habitat-for-ecuadors-rare-birds-and-amphibians/,https://www.rewild.org/press/gwc-helps-expand-critical-habitat-for-ecuadors-rare-birds-and-amphibians
https://www.globalwildlife.org/press/haitis-first-ever-private-nature-reserve-will-safeguard-treasure-trove-of-imperiled-species/,https://www.rewild.org/press/haitis-first-ever-private-nature-reserve-will-safeguard-treasure-trove-of-imperiled-species
https://www.globalwildlife.org/press/hollywood-actor-adrian-grenier-hosts-wild-night-for-wildlife-gala-in-austin/,https://www.rewild.org/press/hollywood-actor-adrian-grenier-hosts-wild-night-for-wildlife-gala-in-austin
https://www.globalwildlife.org/press/hope-in-the-land-down-under-endangered-manning-river-turtle-eggs-hatch-after-emergency-rescue-in-australias-new-south-wales/,https://www.rewild.org/press/hope-in-the-land-down-under-endangered-manning-river-turtle-eggs-hatch-after-emergency-rescue-in-australias-new-south-wales
https://www.globalwildlife.org/press/imperiled-madagascan-amphibians-find-shelter-in-new-protected-area/,https://www.rewild.org/press/imperiled-madagascan-amphibians-find-shelter-in-new-protected-area
https://www.globalwildlife.org/press/in-response-to-global-call-to-protect-europes-last-wild-rivers-federation-of-bosnia-and-herzegovina-ends-subsidies-for-small-hydropower-projects/,https://www.rewild.org/press/in-response-to-global-call-to-protect-europes-last-wild-rivers-federation-of-bosnia-and-herzegovina-ends-subsidies-for-small-hydropower-projects
https://www.globalwildlife.org/press/in-search-of-juliet-expeditions-get-underway-to-find-a-mate-for-worlds-loneliest-frog/,https://www.rewild.org/press/in-search-of-juliet-expeditions-get-underway-to-find-a-mate-for-worlds-loneliest-frog
https://www.globalwildlife.org/press/indigenous-peoples-file-legal-actions-calling-for-immediate-suspension-of-ecuadors-major-oil-pipelines/,https://www.rewild.org/press/indigenous-peoples-file-legal-actions-calling-for-immediate-suspension-of-ecuadors-major-oil-pipelines
https://www.globalwildlife.org/press/international-conservation-organizations-team-up-to-save-the-sumatran-rhino/,https://www.rewild.org/press/international-conservation-organizations-team-up-to-save-the-sumatran-rhino
https://www.globalwildlife.org/press/kids-invited-to-write-postcards-to-the-first-tasmanian-devils-reintroduced-to-the-wild-on-mainland-australia/,https://www.rewild.org/press/kids-invited-to-write-postcards-to-the-first-tasmanian-devils-reintroduced-to-the-wild-on-mainland-australia
https://www.globalwildlife.org/press/la-rana-completamente-acuatica-mas-grande-del-mundo-se-enfrenta-a-un-futuro-incierto-mientras-las-amenazas-continuan-aumentando/,https://www.rewild.org/press/la-rana-completamente-acuatica-mas-grande-del-mundo-se-enfrenta-a-un-futuro-incierto-mientras-las-amenazas-continuan-aumentando
https://www.globalwildlife.org/press/landmark-case-before-ecuadors-constitutional-court-will-set-precedent-for-rights-of-nature-and-could-affect-all-protected-areas-in-the-country/,https://www.rewild.org/press/landmark-case-before-ecuadors-constitutional-court-will-set-precedent-for-rights-of-nature-and-could-affect-all-protected-areas-in-the-country
https://www.globalwildlife.org/press/le-cameroun-approuve-une-concession-dexploitation-qui-detruira-lhabitat-des-gorilles-de-la-foret-debo/,https://www.rewild.org/press/le-cameroun-approuve-une-concession-dexploitation-qui-detruira-lhabitat-des-gorilles-de-la-foret-debo
https://www.globalwildlife.org/press/legendary-conservation-leader-dr-russ-mittermeier-joins-global-wildlife-conservation-in-pivotal-role/,https://www.rewild.org/press/legendary-conservation-leader-dr-russ-mittermeier-joins-global-wildlife-conservation-in-pivotal-role
https://www.globalwildlife.org/press/leonardo-dicaprio-emerson-collective-and-global-wildlife-conservation-join-the-european-commission-in-supporting-new-virunga-fund/,https://www.rewild.org/press/leonardo-dicaprio-emerson-collective-and-global-wildlife-conservation-join-the-european-commission-in-supporting-new-virunga-fund
https://www.globalwildlife.org/press/lonely-no-more-romeo-the-sehuencas-water-frog-finds-love/,https://www.rewild.org/press/lonely-no-more-romeo-the-sehuencas-water-frog-finds-love
https://www.globalwildlife.org/press/media-advisory-as-fires-burn-again-across-amazon-global-wildlife-conservation-offers-experts-and-suggests-critical-stories-to-track/,https://www.rewild.org/press/media-advisory-as-fires-burn-again-across-amazon-global-wildlife-conservation-offers-experts-and-suggests-critical-stories-to-track
https://www.globalwildlife.org/press/media-advisory-new-york-conservation-awards-ceremony-to-honor-extraordinary-efforts-to-save-global-wildlife/,https://www.rewild.org/press/media-advisory-new-york-conservation-awards-ceremony-to-honor-extraordinary-efforts-to-save-global-wildlife
https://www.globalwildlife.org/press/media-advisory-vaquitacpr/,https://www.rewild.org/press/media-advisory-vaquitacpr
https://www.globalwildlife.org/press/media-alert-pink-headed-duck-eludes-myanmar-expedition-team/,https://www.rewild.org/press/media-alert-pink-headed-duck-eludes-myanmar-expedition-team
https://www.globalwildlife.org/press/mesoamerica-commits-to-protect-its-five-great-forests-as-part-of-regions-climate-action-plan-during-un-conference-in-madrid/,https://www.rewild.org/press/mesoamerica-commits-to-protect-its-five-great-forests-as-part-of-regions-climate-action-plan-during-un-conference-in-madrid
https://www.globalwildlife.org/press/multimedia-critically-endangered-cuban-crocodile-hatchlings-released-into-wild/,https://www.rewild.org/press/multimedia-critically-endangered-cuban-crocodile-hatchlings-released-into-wild
https://www.globalwildlife.org/press/national-park-service-inspires-conservation-action-worldwide/,https://www.rewild.org/press/national-park-service-inspires-conservation-action-worldwide
https://www.globalwildlife.org/press/natural-disasters-pose-grave-threat-to-planets-last-javan-rhinos/,https://www.rewild.org/press/natural-disasters-pose-grave-threat-to-planets-last-javan-rhinos
https://www.globalwildlife.org/press/new-community-conservancy-created-in-nigeria-to-protect-critically-endangered-red-colobus-monkey/,https://www.rewild.org/press/new-community-conservancy-created-in-nigeria-to-protect-critically-endangered-red-colobus-monkey
https://www.globalwildlife.org/press/new-deal-for-conservation-rangers-signals-a-critical-step-for-the-planets-health/,https://www.rewild.org/press/new-deal-for-conservation-rangers-signals-a-critical-step-for-the-planets-health
https://www.globalwildlife.org/press/new-desert-refuge-in-mexico-to-provide-critical-habitat-for-wildlife/,https://www.rewild.org/press/new-desert-refuge-in-mexico-to-provide-critical-habitat-for-wildlife
https://www.globalwildlife.org/press/new-field-ranger-training-guidelines-to-help-save-lives-of-those-on-front-line-of-poaching-battle/,https://www.rewild.org/press/new-field-ranger-training-guidelines-to-help-save-lives-of-those-on-front-line-of-poaching-battle
https://www.globalwildlife.org/press/new-forest-ranger-corps-activated-in-nicaragua-to-combat-illegal-activity-in-indio-maiz-biological-reserve/,https://www.rewild.org/press/new-forest-ranger-corps-activated-in-nicaragua-to-combat-illegal-activity-in-indio-maiz-biological-reserve
https://www.globalwildlife.org/press/new-map-of-life-outlines-protection-of-half-the-planet/,https://www.rewild.org/press/new-map-of-life-outlines-protection-of-half-the-planet
https://www.globalwildlife.org/press/new-online-initiative-offers-holiday-shoppers-chance-to-give-unique-gift-of-forest-conservation/,https://www.rewild.org/press/new-online-initiative-offers-holiday-shoppers-chance-to-give-unique-gift-of-forest-conservation
https://www.globalwildlife.org/press/new-report-renews-concern-of-nicaraguan-canals-potential-impact-on-jaguars-and-other-rare-wildlife/,https://www.rewild.org/press/new-report-renews-concern-of-nicaraguan-canals-potential-impact-on-jaguars-and-other-rare-wildlife
https://www.globalwildlife.org/press/new-report-reveals-25-of-the-worlds-most-endangered-primates/,https://www.rewild.org/press/new-report-reveals-25-of-the-worlds-most-endangered-primates
https://www.globalwildlife.org/press/new-semi-wild-wildlife-sanctuary-secures-a-future-for-endangered-mammals-in-the-land-down-under/,https://www.rewild.org/press/new-semi-wild-wildlife-sanctuary-secures-a-future-for-endangered-mammals-in-the-land-down-under
https://www.globalwildlife.org/press/new-study-helps-improve-roadmap-essential-to-bairds-tapir-conservation/,https://www.rewild.org/press/new-study-helps-improve-roadmap-essential-to-bairds-tapir-conservation
https://www.globalwildlife.org/press/new-study-proposes-strategies-mitigating-nicaraguan-canals-threat-to-rare-wildlife/,https://www.rewild.org/press/new-study-proposes-strategies-mitigating-nicaraguan-canals-threat-to-rare-wildlife
https://www.globalwildlife.org/press/new-survey-shows-rangers-across-central-america-share-passion-for-protecting-nature-despite-poor-working-conditions/,https://www.rewild.org/press/new-survey-shows-rangers-across-central-america-share-passion-for-protecting-nature-despite-poor-working-conditions
https://www.globalwildlife.org/press/new-technology-transforms-protected-area-management/,https://www.rewild.org/press/new-technology-transforms-protected-area-management
https://www.globalwildlife.org/press/new-wildlife-sanctuary-on-jamaicas-goat-islands-marks-victory-for-campaign-to-thwart-cataclysmic-development-plans/,https://www.rewild.org/press/new-wildlife-sanctuary-on-jamaicas-goat-islands-marks-victory-for-campaign-to-thwart-cataclysmic-development-plans
https://www.globalwildlife.org/press/newly-declared-critical-habitat-in-palawan-secures-promising-future-for-irreplaceable-forests-and-wildlife-species/,https://www.rewild.org/press/newly-declared-critical-habitat-in-palawan-secures-promising-future-for-irreplaceable-forests-and-wildlife-species
https://www.globalwildlife.org/press/nuevos-resultados-renuevan-la-preocupacion-sobre-el-potencial-impacto-del-canal-interoceanico-en-nicaragua-en-los-jaguares-y-otros-animales-amenazados/,https://www.rewild.org/press/nuevos-resultados-renuevan-la-preocupacion-sobre-el-potencial-impacto-del-canal-interoceanico-en-nicaragua-en-los-jaguares-y-otros-animales-amenazados
https://www.globalwildlife.org/press/once-critically-endangered-black-eyed-leaf-frog-leaps-from-edge-of-extinction-to-relative-safety/,https://www.rewild.org/press/once-critically-endangered-black-eyed-leaf-frog-leaps-from-edge-of-extinction-to-relative-safety
https://www.globalwildlife.org/press/ongoing-risk-of-oil-spills-in-the-ecuadorian-amazon-threatens-indigenous-peoples-imperiled-wildlife-and-the-bajo-napo-key-biodiversity-area/,https://www.rewild.org/press/ongoing-risk-of-oil-spills-in-the-ecuadorian-amazon-threatens-indigenous-peoples-imperiled-wildlife-and-the-bajo-napo-key-biodiversity-area
https://www.globalwildlife.org/press/page/10/,https://www.rewild.org/press
https://www.globalwildlife.org/press/page/11/,https://www.rewild.org/press
https://www.globalwildlife.org/press/page/12/,https://www.rewild.org/press
https://www.globalwildlife.org/press/page/13/,https://www.rewild.org/press
https://www.globalwildlife.org/press/page/14/,https://www.rewild.org/press
https://www.globalwildlife.org/press/page/2/,https://www.rewild.org/press
https://www.globalwildlife.org/press/page/3/,https://www.rewild.org/press
https://www.globalwildlife.org/press/page/4/,https://www.rewild.org/press
https://www.globalwildlife.org/press/page/5/,https://www.rewild.org/press
https://www.globalwildlife.org/press/page/6/,https://www.rewild.org/press
https://www.globalwildlife.org/press/page/7/,https://www.rewild.org/press
https://www.globalwildlife.org/press/page/8/,https://www.rewild.org/press
https://www.globalwildlife.org/press/page/9/,https://www.rewild.org/press
https://www.globalwildlife.org/press/painting-by-renowned-contemporary-artists-nets-20-9-million-to-protect-irreplaceable-rainforest/,https://www.rewild.org/press/painting-by-renowned-contemporary-artists-nets-20-9-million-to-protect-irreplaceable-rainforest
https://www.globalwildlife.org/press/philanthropic-alliance-mobilizes-to-address-urgent-threats-to-life-on-earth/,https://www.rewild.org/press/philanthropic-alliance-mobilizes-to-address-urgent-threats-to-life-on-earth
https://www.globalwildlife.org/press/philippines-rare-dwarf-buffalo-set-on-ambitious-course-for-a-comeback/,https://www.rewild.org/press/philippines-rare-dwarf-buffalo-set-on-ambitious-course-for-a-comeback
https://www.globalwildlife.org/press/photo-release-croc-whisperer-transforms-attitudes-about-jamaicas-largest-predator-by-getting-up-close-and-personal/,https://www.rewild.org/press/photo-release-croc-whisperer-transforms-attitudes-about-jamaicas-largest-predator-by-getting-up-close-and-personal
https://www.globalwildlife.org/press/president-of-cameroon-suspends-logging-concessions-in-ebo-forest/,https://www.rewild.org/press/president-of-cameroon-suspends-logging-concessions-in-ebo-forest
https://www.globalwildlife.org/press/primate-experts-support-inclusive-process-to-decide-future-of-cameroons-biologically-rich-ebo-forest/,https://www.rewild.org/press/primate-experts-support-inclusive-process-to-decide-future-of-cameroons-biologically-rich-ebo-forest
https://www.globalwildlife.org/press/primatologist-finds-second-species-of-mustache-rocking-patas-monkey-in-ethiopia/,https://www.rewild.org/press/primatologist-finds-second-species-of-mustache-rocking-patas-monkey-in-ethiopia
https://www.globalwildlife.org/press/recently-identified-tapanuli-orangutan-headlines-new-list-of-worlds-25-most-endangered-primates/,https://www.rewild.org/press/recently-identified-tapanuli-orangutan-headlines-new-list-of-worlds-25-most-endangered-primates
https://www.globalwildlife.org/press/release-christies-will-offer-jonas-woods-﻿japanese-garden-3-﻿2019-benefitting-rainforest-conservation/,https://www.rewild.org/press/release-christies-will-offer-jonas-woods-japanese-garden-3-2019-benefitting-rainforest-conservation
https://www.globalwildlife.org/press/renowned-photographers-join-rangers-across-africa-to-bolster-conservation-efforts-in-100-protected-areas/,https://www.rewild.org/press/renowned-photographers-join-rangers-across-africa-to-bolster-conservation-efforts-in-100-protected-areas
https://www.globalwildlife.org/press/renowned-primatologist-russ-mittermeier-becomes-first-person-in-history-to-see-all-80-genera-of-primates-in-the-wild/,https://www.rewild.org/press/renowned-primatologist-russ-mittermeier-becomes-first-person-in-history-to-see-all-80-genera-of-primates-in-the-wild
https://www.globalwildlife.org/press/rescue-of-critically-endangered-sumatran-rhino-brings-new-hope-for-the-species/,https://www.rewild.org/press/rescue-of-critically-endangered-sumatran-rhino-brings-new-hope-for-the-species
https://www.globalwildlife.org/press/rescue-team-evacuates-worlds-last-few-loa-water-frogs-from-perilously-dry-habitat-in-chile/,https://www.rewild.org/press/rescue-team-evacuates-worlds-last-few-loa-water-frogs-from-perilously-dry-habitat-in-chile
https://www.globalwildlife.org/press/salamanders-lost-salamanders-found-salamanders-saved/,https://www.rewild.org/press/salamanders-lost-salamanders-found-salamanders-saved
https://www.globalwildlife.org/press/sangreal-foundation-makes-10-million-matching-gift-to-global-wildlife-conservation/,https://www.rewild.org/press/sangreal-foundation-makes-10-million-matching-gift-to-global-wildlife-conservation
https://www.globalwildlife.org/press/savanna-elephants-return-gloriously-to-virunga-national-park-in-unprecedented-numbers/,https://www.rewild.org/press/savanna-elephants-return-gloriously-to-virunga-national-park-in-unprecedented-numbers
https://www.globalwildlife.org/press/scientists-begin-bold-conservation-effort-to-save-the-vaquita-porpoise-from-extinction-in-mexico/,https://www.rewild.org/press/scientists-begin-bold-conservation-effort-to-save-the-vaquita-porpoise-from-extinction-in-mexico
https://www.globalwildlife.org/press/scientists-release-rare-photographic-evidence-of-critically-endangered-barking-deer/,https://www.rewild.org/press/scientists-release-rare-photographic-evidence-of-critically-endangered-barking-deer
https://www.globalwildlife.org/press/search-for-one-of-worlds-smallest-sturgeon-species-renews-hope-for-most-wanted-lost-species/,https://www.rewild.org/press/search-for-one-of-worlds-smallest-sturgeon-species-renews-hope-for-most-wanted-lost-species
https://www.globalwildlife.org/press/search-for-the-lost-pink-headed-duck-gets-underway-in-myanmar/,https://www.rewild.org/press/search-for-the-lost-pink-headed-duck-gets-underway-in-myanmar
https://www.globalwildlife.org/press/shark-tanks-daymond-john-announces-new-investment-shark-conservation/,https://www.rewild.org/press/shark-tanks-daymond-john-announces-new-investment-shark-conservation
https://www.globalwildlife.org/press/sheth-sangreal-foundation-increases-global-wildlife-conservation-match-to-15-million-in-advance-of-givingtuesday/,https://www.rewild.org/press/sheth-sangreal-foundation-increases-global-wildlife-conservation-match-to-15-million-in-advance-of-givingtuesday
https://www.globalwildlife.org/press/sheth-sangreal-foundation-matching-grant-results-in-32-million-to-conserve-imperiled-wildlife-and-wildlands-worldwide/,https://www.rewild.org/press/sheth-sangreal-foundation-matching-grant-results-in-32-million-to-conserve-imperiled-wildlife-and-wildlands-worldwide
https://www.globalwildlife.org/press/single-frog-seeks-mate-on-match-to-save-his-species/,https://www.rewild.org/press/single-frog-seeks-mate-on-match-to-save-his-species
https://www.globalwildlife.org/press/smart-partnership-announces-release-of-smart-mobile/,https://www.rewild.org/press/smart-partnership-announces-release-of-smart-mobile
https://www.globalwildlife.org/press/solo-nunca-mas-romeo-la-rana-acuatica-de-sehuencas-encuentra-el-amor/,https://www.rewild.org/press/solo-nunca-mas-romeo-la-rana-acuatica-de-sehuencas-encuentra-el-amor
https://www.globalwildlife.org/press/star-studded-performance-opens-first-of-its-kind-earth-in-concert-exhibit-at-california-science-center/,https://www.rewild.org/press/star-studded-performance-opens-first-of-its-kind-earth-in-concert-exhibit-at-california-science-center
https://www.globalwildlife.org/press/statement-gwc-saddened-by-loss-of-vaquita-during-field-operations/,https://www.rewild.org/press/statement-gwc-saddened-by-loss-of-vaquita-during-field-operations
https://www.globalwildlife.org/press/striking-photograph-of-koala-wildfire-survivor-helps-raise-funds-for-australia-emergency-efforts/,https://www.rewild.org/press/striking-photograph-of-koala-wildfire-survivor-helps-raise-funds-for-australia-emergency-efforts
https://www.globalwildlife.org/press/tasmanian-devils-return-to-mainland-australia-for-first-time-in-3000-years/,https://www.rewild.org/press/tasmanian-devils-return-to-mainland-australia-for-first-time-in-3000-years
https://www.globalwildlife.org/press/tasmanian-devils-return-to-mainland-australia-for-first-time-in-3000-years/?utm_source=Master+%2B+Lost+Species&utm_campaign=4dcc8204c8-EMAIL_CAMPAIGN_2020_06_30_01_56_COPY_01&utm_medium=email&utm_term=0_22bbbe2a7c-4dcc8204c8-,https://www.rewild.org/press/tasmanian-devils-return-to-mainland-australia-for-first-time-in-3000-years/?utm_source=Master+%2B+Lost+Species&utm_campaign=4dcc8204c8-EMAIL_CAMPAIGN_2020_06_30_01_56_COPY_01&utm_medium=email&utm_term=0_22bbbe2a7c-4dcc8204c8-
https://www.globalwildlife.org/press/tasmanian-tigers-spotted-relatives-return-to-mainland-australia/,https://www.rewild.org/press/tasmanian-tigers-spotted-relatives-return-to-mainland-australia
https://www.globalwildlife.org/press/the-european-union-leonardo-dicaprio-and-global-wildlife-conservation-team-up-to-respond-swiftly-to-urgent-environmental-crises-around-the-globe/,https://www.rewild.org/press/the-european-union-leonardo-dicaprio-and-global-wildlife-conservation-team-up-to-respond-swiftly-to-urgent-environmental-crises-around-the-globe
https://www.globalwildlife.org/press/the-search-for-lost-species-global-wildlife-conservation-to-launch-most-extensive-worldwide-quest-for-species-not-seen-in-decades/,https://www.rewild.org/press/the-search-for-lost-species-global-wildlife-conservation-to-launch-most-extensive-worldwide-quest-for-species-not-seen-in-decades
https://www.globalwildlife.org/press/three-threatened-frogs-protected-alongside-andean-condors-by-vast-new-protected-area-around-the-antisana-volcano-ecuador/,https://www.rewild.org/press/three-threatened-frogs-protected-alongside-andean-condors-by-vast-new-protected-area-around-the-antisana-volcano-ecuador
https://www.globalwildlife.org/press/together-at-last-frogs-romeo-and-juliet-get-their-long-awaited-first-date/,https://www.rewild.org/press/together-at-last-frogs-romeo-and-juliet-get-their-long-awaited-first-date
https://www.globalwildlife.org/press/toolkit-to-save-the-worlds-wildlife-zeropoaching-org/,https://www.rewild.org/press/toolkit-to-save-the-worlds-wildlife-zeropoaching-org
https://www.globalwildlife.org/press/top-conservation-players-unite-to-map-monitor-and-conserve-vital-places-for-life-on-earth/,https://www.rewild.org/press/top-conservation-players-unite-to-map-monitor-and-conserve-vital-places-for-life-on-earth
https://www.globalwildlife.org/press/tragic-year-for-worlds-rangers-many-of-whom-lack-even-basic-insurance/,https://www.rewild.org/press/tragic-year-for-worlds-rangers-many-of-whom-lack-even-basic-insurance
https://www.globalwildlife.org/press/tropical-treetop-cameras-capture-first-ever-wild-footage-of-critically-endangered-roloway-monkey/,https://www.rewild.org/press/tropical-treetop-cameras-capture-first-ever-wild-footage-of-critically-endangered-roloway-monkey
https://www.globalwildlife.org/press/two-rare-amphibians-lost-to-science-re-discovered-in-the-philippines/,https://www.rewild.org/press/two-rare-amphibians-lost-to-science-re-discovered-in-the-philippines
https://www.globalwildlife.org/press/vaquita-porpoise-rescued-as-part-of-vaquitacpr-conservation-project-then-released/,https://www.rewild.org/press/vaquita-porpoise-rescued-as-part-of-vaquitacpr-conservation-project-then-released
https://www.globalwildlife.org/press/vaquitacpr-field-operation-period-ends-scientists-report-on-operation-outcomes/,https://www.rewild.org/press/vaquitacpr-field-operation-period-ends-scientists-report-on-operation-outcomes
https://www.globalwildlife.org/press/video-alert-8-year-old-budding-conservationist-kena-moore-shares-his-earth-day-story/,https://www.rewild.org/press/video-alert-8-year-old-budding-conservationist-kena-moore-shares-his-earth-day-story
https://www.globalwildlife.org/press/video-alert-astronaut-chris-hadfield-shares-his-earth-day-story/,https://www.rewild.org/press/video-alert-astronaut-chris-hadfield-shares-his-earth-day-story
https://www.globalwildlife.org/press/video-alert-renowned-environmental-photographer-cristina-mittermeier-shares-her-earth-day-story/,https://www.rewild.org/press/video-alert-renowned-environmental-photographer-cristina-mittermeier-shares-her-earth-day-story
https://www.globalwildlife.org/press/video-alert-the-simpsons-producer-and-writer-george-meyer-shares-his-earth-day-story/,https://www.rewild.org/press/video-alert-the-simpsons-producer-and-writer-george-meyer-shares-his-earth-day-story
https://www.globalwildlife.org/press/video-alert-waorani-leader-nemonte-nenquimo-shares-her-earth-day-story/,https://www.rewild.org/press/video-alert-waorani-leader-nemonte-nenquimo-shares-her-earth-day-story
https://www.globalwildlife.org/press/video-release-a-letter-from-covid-19-and-videos-featuring-celebrities-environmental-advocates-mark-the-50th-anniversary-of-earth-day/,https://www.rewild.org/press/video-release-a-letter-from-covid-19-and-videos-featuring-celebrities-environmental-advocates-mark-the-50th-anniversary-of-earth-day
https://www.globalwildlife.org/press/wildlife-conservationists-honored-in-new-york-for-recovery-of-imperiled-species/,https://www.rewild.org/press/wildlife-conservationists-honored-in-new-york-for-recovery-of-imperiled-species
https://www.globalwildlife.org/press/wildlife-conservationists-to-be-honored-in-new-york-for-extraordinary-efforts-to-recover-imperiled-species-2/,https://www.rewild.org/press/wildlife-conservationists-to-be-honored-in-new-york-for-extraordinary-efforts-to-recover-imperiled-species-2
https://www.globalwildlife.org/press/wildlife-conservationists-to-be-honored-in-new-york-for-extraordinary-efforts-to-recover-imperiled-species/,https://www.rewild.org/press/wildlife-conservationists-to-be-honored-in-new-york-for-extraordinary-efforts-to-recover-imperiled-species
https://www.globalwildlife.org/press/wildnight-wildlife-raises-record-support-protect-biodiversity/,https://www.rewild.org/press/wildnight-wildlife-raises-record-support-protect-biodiversity
https://www.globalwildlife.org/press/winners-of-ai-for-earth-innovation-grants-poised-to-address-urgent-environmental-challenges-with-creative-use-of-technology/,https://www.rewild.org/press/winners-of-ai-for-earth-innovation-grants-poised-to-address-urgent-environmental-challenges-with-creative-use-of-technology
https://www.globalwildlife.org/press/winning-wildlifephotofail-submissions-reveal-whos-really-in-charge/,https://www.rewild.org/press/winning-wildlifephotofail-submissions-reveal-whos-really-in-charge
https://www.globalwildlife.org/press/with-fewer-than-20-loa-water-frogs-left-in-the-world-hatching-of-tadpoles-revives-hope-for-critically-endangered-species/,https://www.rewild.org/press/with-fewer-than-20-loa-water-frogs-left-in-the-world-hatching-of-tadpoles-revives-hope-for-critically-endangered-species
https://www.globalwildlife.org/press/world-saola-day-conservationists-aim-to-establish-first-breeding-program-for-asian-unicorn/,https://www.rewild.org/press/world-saola-day-conservationists-aim-to-establish-first-breeding-program-for-asian-unicorn
https://www.globalwildlife.org/press/worlds-forgotten-fishes-vital-for-hundreds-of-millions-of-people-but-one-third-face-extinction-warns-new-report/,https://www.rewild.org/press/worlds-forgotten-fishes-vital-for-hundreds-of-millions-of-people-but-one-third-face-extinction-warns-new-report
https://www.globalwildlife.org/press/worlds-largest-bee-found/,https://www.rewild.org/press/worlds-largest-bee-found
https://www.globalwildlife.org/press/worlds-largest-fully-aquatic-frog-faces-uncertain-future-as-threats-continue-to-mount/,https://www.rewild.org/press/worlds-largest-fully-aquatic-frog-faces-uncertain-future-as-threats-continue-to-mount
https://www.globalwildlife.org/press/worlds-loneliest-frog-discovers-friends-around-the-world-this-valentines-day/,https://www.rewild.org/press/worlds-loneliest-frog-discovers-friends-around-the-world-this-valentines-day
https://www.globalwildlife.org/press/worlds-rarest-wading-bird-gets-new-lease-on-life/,https://www.rewild.org/press/worlds-rarest-wading-bird-gets-new-lease-on-life
https://www.globalwildlife.org/press/worlds-rarest-wading-bird-staging-a-comeback-with-30-percent-increase-in-population/,https://www.rewild.org/press/worlds-rarest-wading-bird-staging-a-comeback-with-30-percent-increase-in-population
https://www.globalwildlife.org/press/worlds-top-turtle-and-tortoise-experts-release-largest-comprehensive-study-of-extinction-risks-and-provide-roadmap-for-recovery/,https://www.rewild.org/press/worlds-top-turtle-and-tortoise-experts-release-largest-comprehensive-study-of-extinction-risks-and-provide-roadmap-for-recovery
https://www.globalwildlife.org/press/yellow-fever-and-covid-19-endanger-50-years-of-conservation-success-for-brazils-golden-lion-tamarin/,https://www.rewild.org/press/yellow-fever-and-covid-19-endanger-50-years-of-conservation-success-for-brazils-golden-lion-tamarin
https://www.globalwildlife.org/press/zoo-campers-get-creative-for-wildlife-conservation/,https://www.rewild.org/press/zoo-campers-get-creative-for-wildlife-conservation