http://globalwildlife.org/,https://www.rewild.org/
http://www.globalwildlife.org/,https://www.rewild.org/
https://globalwildlife.org/,https://www.rewild.org/
https://www.globalwildlife.org/,https://www.rewild.org/
https://globalwildlife.org/blog/,https://www.rewild.org/news
https://globalwildlife.org/press/,https://www.rewild.org/press
https://globalwildlife.org/press-room/,https://www.rewild.org/press
https://globalwildlife.org/press-room/#!,https://www.rewild.org/press
https://globalwildlife.org/our-impact/,https://www.rewild.org/our-work
https://globalwildlife.org/team/,https://www.rewild.org/team
https://globalwildlife.org/our-team/,https://www.rewild.org/team
https://globalwildlife.org/team/page/2/,https://www.rewild.org/team
https://globalwildlife.org/team/page/3/,https://www.rewild.org/team
https://globalwildlife.org/team/page/4/,https://www.rewild.org/team
https://globalwildlife.org/team/page/5/,https://www.rewild.org/team
https://globalwildlife.org/team/page/6/,https://www.rewild.org/team
https://globalwildlife.org/team/page/7/,https://www.rewild.org/team
https://globalwildlife.org/our-team/,https://www.rewild.org/team
https://globalwildlife.org/ambassadors/,https://www.rewild.org/team
https://globalwildlife.org/associate-scientists/,https://www.rewild.org/team
https://globalwildlife.org/affiliate-groups/,https://www.rewild.org/partners
https://globalwildlife.org/conservation-partners/,https://www.rewild.org/partners
https://globalwildlife.org/brand-partners/,https://www.rewild.org/partners
https://globalwildlife.org/fiscal-sponsorship/,https://www.rewild.org/partners
https://globalwildlife.org/about-us/,https://www.rewild.org/about-us
https://globalwildlife.org/careers/,https://www.rewild.org/careers
https://globalwildlife.org/careers/executive-assistant/,https://www.rewild.org/careers
https://globalwildlife.org/careers/social-media-manager/,https://www.rewild.org/careers
https://globalwildlife.org/senior-communications-specialist/,https://www.rewild.org/careers
https://globalwildlife.org/contact/,https://www.rewild.org/contact
https://globalwildlife.org/donate/,https://www.rewild.org/donate
https://globalwildlife.org/ethics/,https://www.rewild.org/ethics
https://globalwildlife.org/privacy-policy/,https://www.rewild.org/privacy-policy
https://globalwildlife.org/financials/,https://www.rewild.org/financials
https://globalwildlife.org/site-map/,https://www.rewild.org/site-map
https://globalwildlife.org/subscribe/,https://www.rewild.org/signup
https://globalwildlife.org/follow-us/,https://www.rewild.org/signup
https://globalwildlife.org/wildlands/,https://www.rewild.org/get-to-know/wildlands
https://globalwildlife.org/wildlife/,https://www.rewild.org/get-to-know/wildlife
https://globalwildlife.org/project/amazon/,https://www.rewild.org/get-to-know/amazonia
https://globalwildlife.org/project/animals-native-to-the-annamite-mountains-vietnam-and-laos/,https://www.rewild.org/get-to-know/annamite-endemics
https://globalwildlife.org/project/asian-wild-cattle/,https://www.rewild.org/get-to-know/asian-wild-cattle
https://globalwildlife.org/project/associates/,https://www.rewild.org/team
https://globalwildlife.org/project/creating-protected-areas/,https://www.rewild.org/solutions/protected-area-creation
https://globalwildlife.org/project/cuban-crocodiles/,https://www.rewild.org/wild-about/cuban-crocodile
https://globalwildlife.org/project/exploration/,https://www.rewild.org/solutions/exploration
https://globalwildlife.org/project/forests-for-life/,https://www.rewild.org/get-to-know/forests-for-life
https://globalwildlife.org/project/harlequin-toads/,https://www.rewild.org/wild-about/harlequin-toads
https://globalwildlife.org/project/indigenous-people/,https://www.rewild.org/solutions/partnering-with-indigenous-peoples
https://globalwildlife.org/project/indio-maiz-biological-reserve/,https://www.rewild.org/wild-about/indio-maiz-tortuguero
https://globalwildlife.org/project/key-biodiversity-areas/,https://www.rewild.org/get-to-know/key-biodiversity-areas
https://globalwildlife.org/project/managing-protected-areas/,https://www.rewild.org/solutions/protected-area-management
https://globalwildlife.org/project/mesoamerica-climate-resilience-and-response-fund/,https://www.rewild.org/wild-about/mesoamerica-climate-resilience-fund
https://globalwildlife.org/project/mesoamerica/,https://www.rewild.org/get-to-know/mesoamerica
https://globalwildlife.org/project/new-zealands-ancient-bird-kakapo-recovery/,https://www.rewild.org/wild-about/kakapo
https://globalwildlife.org/project/primates/,https://www.rewild.org/get-to-know/primates
https://globalwildlife.org/project/pu-mat-national-park-vietnam/,https://www.rewild.org/wild-about/pu-mat-national-park
https://globalwildlife.org/project/red-colobus/,https://www.rewild.org/get-to-know/red-colobus
https://globalwildlife.org/project/rhinos/,https://www.rewild.org/get-to-know/rhinos
https://globalwildlife.org/project/saola/,https://www.rewild.org/wild-about/saola
https://globalwildlife.org/project/science/,https://www.rewild.org/solutions/science-based-decision-making
https://globalwildlife.org/project/small-cats/,https://www.rewild.org/get-to-know/small-wild-cats
https://globalwildlife.org/project/sumatran-rhino-endangered-species-facts-about-habitat/,https://www.rewild.org/wild-about/sumatran-rhino
https://globalwildlife.org/project/tamaraw-in-mounts-iglit-baco-natural-park/,https://www.rewild.org/wild-about/mounts-iglit-baco-natural-park
https://globalwildlife.org/project/tapirs/,https://www.rewild.org/get-to-know/tapirs
https://globalwildlife.org/project/the-maya-forest-corridor/,https://www.rewild.org/wild-about/maya-forest
https://globalwildlife.org/project/turtles/,https://www.rewild.org/get-to-know/turtles-and-tortoises
https://globalwildlife.org/project/wildlife-crime-prevention/,https://www.rewild.org/solutions/wildlife-crime-prevention
https://globalwildlife.org/virunga-fund/,https://www.rewild.org/wild-about/virunga-fund
https://globalwildlife.org/search-for-lost-species/,https://www.rewild.org/lost-species
https://globalwildlife.org/bullneck-seahorse/,https://www.rewild.org/lost-species/bullneck-seahorse
https://globalwildlife.org/lost-turtles/,https://www.rewild.org/ost-species/lost-turtles
https://globalwildlife.org/silver-backed-chevrotain/,https://www.rewild.org/lost-species/silver-backed-chevrotain
https://globalwildlife.org/syr-darya-shovelnose-sturgeon/,https://www.rewild.org/lost-species/syr-darya-shovelnose-sturgeon
https://globalwildlife.org/jacksons-climbing-salamander/,https://www.rewild.org/lost-species/jacksons-climbing-salamander
https://globalwildlife.org/somali-sengi/,https://www.rewild.org/lost-species/somali-sengi
https://globalwildlife.org/velvet-pitcher-plant/,https://www.rewild.org/lost-species/velvet-pitcher-plant
https://globalwildlife.org/attenboroughs-long-beaked-echidna/,https://www.rewild.org/lost-species/attenboroughs-long-beaked-echidna
https://globalwildlife.org/himalayan-quail/,https://www.rewild.org/lost-species/himalayan-quail
https://globalwildlife.org/ilin-island-cloudrunner/,https://www.rewild.org/lost-species/ilin-island-cloudrunner
https://globalwildlife.org/lost-amphibians/,https://www.rewild.org/lost-species/lost-amphibians
https://globalwildlife.org/lost-birds/,https://www.rewild.org/lost-species/lost-birds
https://globalwildlife.org/lost-harlequin-toads/,https://www.rewild.org/lost-species/lost-harlequin-toads
https://globalwildlife.org/lost-primates/,https://www.rewild.org/lost-species/lost-primates
https://globalwildlife.org/lost-small-mammals/,https://www.rewild.org/lost-species/lost-small-mammals
https://globalwildlife.org/lost-species-by-the-numbers/,https://www.rewild.org/lost-species-by-the-numbers
https://globalwildlife.org/lost-species-faq/,https://www.rewild.org/lost-species-faq
https://globalwildlife.org/lost-species-list/,https://www.rewild.org/lost-species
https://globalwildlife.org/lost-species-meet-the-artists/,https://www.rewild.org/lost-species-artists
https://globalwildlife.org/lost-species-partners/,https://www.rewild.org/lost-species
https://globalwildlife.org/miss-waldrons-red-colobus/,https://www.rewild.org/lost-species/miss-waldrons-red-colobus
https://globalwildlife.org/namdapha-flying-squirrel/,https://www.rewild.org/lost-species/namdapha-flying-squirrel
https://globalwildlife.org/new-zealand-greater-short-tailed-bat/,https://www.rewild.org/lost-species/new-zealand-greater-short-tailed-bat
https://globalwildlife.org/omiltemi-cottontail-rabbit/,https://www.rewild.org/lost-species/omiltemi-cottontail-rabbit
https://globalwildlife.org/pink-headed-duck/,https://www.rewild.org/lost-species/pink-headed-duck
https://globalwildlife.org/pondicherry-shark/,https://www.rewild.org/lost-species/pondicherry-shark
https://globalwildlife.org/scarlet-harlequin-frog/,https://www.rewild.org/lost-species/scarlet-harlequin-frog
https://globalwildlife.org/sierra-leone-crab/,https://www.rewild.org/lost-species/sierra-leone-crab
https://globalwildlife.org/sinu-parakeet/,https://www.rewild.org/lost-species/sinu-parakeet
https://globalwildlife.org/voeltzkows-chameleon/,https://www.rewild.org/lost-species/voeltzkows-chameleon
https://globalwildlife.org/wallaces-giant-bee/,https://www.rewild.org/lost-species/wallaces-giant-bee
https://globalwildlife.org/wellingtons-solitary-coral/,https://www.rewild.org/lost-species/wellingtons-solitary-coral
https://globalwildlife.org/wondiwoi-tree-kangaroo/,https://www.rewild.org/lost-species/wondiwoi-tree-kangaroo
https://globalwildlife.org/zugs-monitor/,https://www.rewild.org/lost-species/zugs-monitor
https://globalwildlife.org/fernandina-galapagos-tortoise/,https://www.rewild.org/lost-species/fernandina-galapagos-tortoise