https://www.globalwildlife.org/team/alex-quintero/,https://www.rewild.org/team/alex-quintero
https://www.globalwildlife.org/team/an-nguyen/,https://www.rewild.org/team/an-nguyen
https://www.globalwildlife.org/team/ana-denman/,https://www.rewild.org/team/ana-denman
https://www.globalwildlife.org/team/ana-liz-flores-ph-d/,https://www.rewild.org/team/ana-liz-flores-ph-d
https://www.globalwildlife.org/team/andrew-snyder/,https://www.rewild.org/team/andrew-snyder-ph-d
https://www.globalwildlife.org/team/andrew-tilker/,https://www.rewild.org/team/andrew-tilker
https://www.globalwildlife.org/team/anthony-rylands-ph-d/,https://www.rewild.org/team/anthony-rylands-ph-d
https://www.globalwildlife.org/team/anya-ratnayaka/,https://www.rewild.org/team/anya-ratnayaka
https://www.globalwildlife.org/team/armando-dans/,https://www.rewild.org/team/armando-dans
https://www.globalwildlife.org/team/arnelle-lozada/,https://www.rewild.org/team/arnelle-lozada
https://www.globalwildlife.org/team/arturo-munoz-saravia/,https://www.rewild.org/team/arturo-munoz-saravia
https://www.globalwildlife.org/team/ashan-thudugala/,https://www.rewild.org/team/ashan-thudugala
https://www.globalwildlife.org/team/barney-long-ph-d/,https://www.rewild.org/team/barney-long-ph-d
https://www.globalwildlife.org/team/bill-konstant/,https://www.rewild.org/team/bill-konstant
https://www.globalwildlife.org/team/brian-oshea-ph-d/,https://www.rewild.org/team/brian-o-shea-ph-d
https://www.globalwildlife.org/team/byron-swift/,https://www.rewild.org/team/byron-swift
https://www.globalwildlife.org/team/carlos-roberto-vasquez-almazan/,https://www.rewild.org/team/carlos-roberto-vasquez-almazan
https://www.globalwildlife.org/team/carrie-stengel/,https://www.rewild.org/team/carrie-stengel
https://www.globalwildlife.org/team/chris-jordan-ph-d/,https://www.rewild.org/team/chris-jordan-ph-d
https://www.globalwildlife.org/team/cindy-sechrest/,https://www.rewild.org/team/cindy-sechrest
https://www.globalwildlife.org/team/cody-schank/,https://www.rewild.org/team/cody-schank
https://www.globalwildlife.org/team/constanza-napolitano-ph-d/,https://www.rewild.org/team/constanza-napolitano-ph-d
https://www.globalwildlife.org/team/daniel-kobak/,https://www.rewild.org/team/daniel-kobak
https://www.globalwildlife.org/team/devin-murphy/,https://www.rewild.org/team/devin-murphy
https://www.globalwildlife.org/team/dirck-byler/,https://www.rewild.org/team/dirck-byler
https://www.globalwildlife.org/team/don-church-ph-d/,https://www.rewild.org/team/don-church-ph-d
https://www.globalwildlife.org/team/ella-outlaw/,https://www.rewild.org/team/ella-outlaw
https://www.globalwildlife.org/team/esteban-brenes-mora/,https://www.rewild.org/team/esteban-brenes-mora
https://www.globalwildlife.org/team/futsum-hagos-gebremariam/,https://www.rewild.org/team/futsum-hagos-gebremariam
https://www.globalwildlife.org/team/gautam-s-surya/,https://www.rewild.org/team/gautam-s-surya
https://www.globalwildlife.org/team/genevieve-campbell/,https://www.rewild.org/team/genevieve-campbell
https://www.globalwildlife.org/team/harmony-patricio-ph-d/,https://www.rewild.org/team/harmony-patricio-ph-d
https://www.globalwildlife.org/team/iain-wilson/,https://www.rewild.org/team/iain-wilson
https://www.globalwildlife.org/team/jackson-helms/,https://www.rewild.org/team/jackson-helms
https://www.globalwildlife.org/team/james-burton-ph-d/,https://www.rewild.org/team/james-burton-ph-d
https://www.globalwildlife.org/team/james-slade/,https://www.rewild.org/team/james-slade
https://www.globalwildlife.org/team/jennifer-luedtke/,https://www.rewild.org/team/jennifer-luedtke
https://www.globalwildlife.org/team/jessica-argubright/,https://www.rewild.org/team/jessica-argubright
https://www.globalwildlife.org/team/jill-lucena/,https://www.rewild.org/team/jill-lucena
https://www.globalwildlife.org/team/jim-sanderson-ph-d/,https://www.rewild.org/team/jim-sanderson-ph-d
https://www.globalwildlife.org/team/joel-betts/,https://www.rewild.org/team/joel-betts
https://www.globalwildlife.org/team/karen-b-strier-ph-d/,https://www.rewild.org/team/karen-b-strier-ph-d
https://www.globalwildlife.org/team/kelsey-neam/,https://www.rewild.org/team/kelsey-neam
https://www.globalwildlife.org/team/kortnie-coles/,https://www.rewild.org/team/kortnie-coles
https://www.globalwildlife.org/team/kurt-a-buhlmann/,https://www.rewild.org/team/kurt-a-buhlmann
https://www.globalwildlife.org/team/laura-j-kay/,https://www.rewild.org/team/laura-j-kay
https://www.globalwildlife.org/team/laura-stewart/,https://www.rewild.org/team/laura-stewart
https://www.globalwildlife.org/team/lauren-naylor-warr/,https://www.rewild.org/team/lauren-naylor-warr
https://www.globalwildlife.org/team/leeanne-e-alonso-ph-d/,https://www.rewild.org/team/leeanne-e-alonso-ph-d
https://www.globalwildlife.org/team/lina-m-valencia-ph-d/,https://www.rewild.org/team/lina-m-valencia-ph-d
https://www.globalwildlife.org/team/lindsay-renick-mayer/,https://www.rewild.org/team/lindsay-renick-mayer
https://www.globalwildlife.org/team/malcolm-wilson/,https://www.rewild.org/team/malcolm-wilson
https://www.globalwildlife.org/team/maria-christina-wurschy/,https://www.rewild.org/team/maria-christina-wurschy
https://www.globalwildlife.org/team/martha-m-hurley-ph-d/,https://www.rewild.org/team/martha-m-hurley-ph-d
https://www.globalwildlife.org/team/mary-brown/,https://www.rewild.org/team/mary-brown
https://www.globalwildlife.org/team/matt-foster/,https://www.rewild.org/team/matt-foster
https://www.globalwildlife.org/team/mike-appleton/,https://www.rewild.org/team/mike-appleton
https://www.globalwildlife.org/team/murthy-kantimahanti/,https://www.rewild.org/team/murthy-kantimahanti
https://www.globalwildlife.org/team/nikki-roach/,https://www.rewild.org/team/nikki-roach
https://www.globalwildlife.org/team/nina-paige-hadley/,https://www.rewild.org/team/nina-paige-hadley
https://www.globalwildlife.org/team/penny-langhammer-ph-d/,https://www.rewild.org/team/penny-langhammer-ph-d
https://www.globalwildlife.org/team/peter-paul-van-dijk-ph-d/,https://www.rewild.org/team/peter-paul-van-dijk-ph-d
https://www.globalwildlife.org/team/rachunliu-chun-g-kamei-ph-d/,https://www.rewild.org/team/rachunliu-chun-g-kamei-ph-d
https://www.globalwildlife.org/team/reagan-steppe/,https://www.rewild.org/team/reagan-steppe
https://www.globalwildlife.org/team/rebecca-kormos/,https://www.rewild.org/team/rebecca-kormos-ph-d
https://www.globalwildlife.org/team/robin-d-moore-ph-d/,https://www.rewild.org/team/robin-d-moore-ph-d
https://www.globalwildlife.org/team/rodrigo-medeiros/,https://www.rewild.org/team/rodrigo-medeiros
https://www.globalwildlife.org/team/russell-mittermeier-ph-d/,https://www.rewild.org/team/russell-mittermeier-ph-d
https://www.globalwildlife.org/team/sagar-dahal/,https://www.rewild.org/team/sagar-dahal
https://www.globalwildlife.org/team/stephen-richards/,https://www.rewild.org/team/stephen-richards
https://www.globalwildlife.org/team/thanh-nguyen-van/,https://www.rewild.org/team/thanh-nguyen-van
https://www.globalwildlife.org/team/therese-tepe/,https://www.rewild.org/team/therese-tepe
https://www.globalwildlife.org/team/thomas-e-lacher-ph-d/,https://www.rewild.org/team/thomas-e-lacher-ph-d
https://www.globalwildlife.org/team/tinisha-hancok-ph-d/,https://www.rewild.org/team/tinisha-hancock-ph-d
https://www.globalwildlife.org/team/tracey-d-tuberville-ph-d/,https://www.rewild.org/team/tracey-d-tuberville-ph-d
https://www.globalwildlife.org/team/tricia-moton/,https://www.rewild.org/team/tricia-moton
https://www.globalwildlife.org/team/varad-giri-ph-d/,https://www.rewild.org/team/varad-giri-ph-d
https://www.globalwildlife.org/team/wes-sechrest-ph-d/,https://www.rewild.org/team/wes-sechrest-ph-d