https://www.globalwildlife.org/blog/,https://www.rewild.org/news
https://www.globalwildlife.org/blog/a-bright-future-for-the-starry-night-harlequin-toad/,https://www.rewild.org/news/a-bright-future-for-the-starry-night-harlequin-toad
https://www.globalwildlife.org/blog/a-celebration-of-rangers-on-world-ranger-day-2018/,https://www.rewild.org/news/a-celebration-of-rangers-on-world-ranger-day-2018
https://www.globalwildlife.org/blog/a-close-up-on-the-wild-world-of-camera-trapping/,https://www.rewild.org/news/a-close-up-on-the-wild-world-of-camera-trapping
https://www.globalwildlife.org/blog/a-day-in-the-life-of-our-planets-protectors/,https://www.rewild.org/news/a-day-in-the-life-of-our-planets-protectors
https://www.globalwildlife.org/blog/a-javan-rhino-encounter-in-ujung-kulon/,https://www.rewild.org/news/a-javan-rhino-encounter-in-ujung-kulon
https://www.globalwildlife.org/blog/a-mysterious-infection-is-threatening-this-ancient-birds-record-breaking-breeding-season/,https://www.rewild.org/news/a-mysterious-infection-is-threatening-this-ancient-birds-record-breaking-breeding-season
https://www.globalwildlife.org/blog/a-new-western-chimpanzee-action-plan-digs-deeper-into-the-reasons-behind-the-great-apes-dramatic-decline/,https://www.rewild.org/news/a-new-western-chimpanzee-action-plan-digs-deeper-into-the-reasons-behind-the-great-apes-dramatic-decline
https://www.globalwildlife.org/blog/a-qa-with-ben-thorp-brown-artist-for-christies-global-wildlife-conservation-benefit/,https://www.rewild.org/news/a-qa-with-ben-thorp-brown-artist-for-christies-global-wildlife-conservation-benefit
https://www.globalwildlife.org/blog/a-qa-with-childrens-book-author-illustrator-eric-losh/,https://www.rewild.org/news/a-qa-with-childrens-book-author-illustrator-eric-losh
https://www.globalwildlife.org/blog/a-qa-with-dr-robin-moore-author-of-in-search-of-lost-frogs/,https://www.rewild.org/news/a-qa-with-dr-robin-moore-author-of-in-search-of-lost-frogs
https://www.globalwildlife.org/blog/a-qa-with-gwc-chief-scientist-ceo-wes-sechrest-on-new-anti-poaching-endowment/,https://www.rewild.org/news/a-qa-with-gwc-chief-scientist-ceo-wes-sechrest-on-new-anti-poaching-endowment
https://www.globalwildlife.org/blog/a-qa-with-gwcs-new-chief-marketing-officer/,https://www.rewild.org/news/a-qa-with-gwcs-new-chief-marketing-officer
https://www.globalwildlife.org/blog/a-qa-with-gwcs-new-colombia-conservation-officer/,https://www.rewild.org/news/a-qa-with-gwcs-new-colombia-conservation-officer
https://www.globalwildlife.org/blog/a-qa-with-gwcs-new-office-manager/,https://www.rewild.org/news/a-qa-with-gwcs-new-office-manager
https://www.globalwildlife.org/blog/a-qa-with-gwcs-new-outreach-and-events-director/,https://www.rewild.org/news/a-qa-with-gwcs-new-outreach-and-events-director
https://www.globalwildlife.org/blog/a-qa-with-red-colobus-champion-florence-aghomo/,https://www.rewild.org/news/a-qa-with-red-colobus-champion-florence-aghomo
https://www.globalwildlife.org/blog/a-qa-with-romeo-and-juliets-personal-assistant/,https://www.rewild.org/news/a-qa-with-romeo-and-juliets-personal-assistant
https://www.globalwildlife.org/blog/a-qa-with-tiffany-bozic-artist-for-christies-global-wildlife-conservation-benefit/,https://www.rewild.org/news/a-qa-with-tiffany-bozic-artist-for-christies-global-wildlife-conservation-benefit
https://www.globalwildlife.org/blog/a-qa-with-wild-cat-photographer-sebastian-kennerknecht/,https://www.rewild.org/news/a-qa-with-wild-cat-photographer-sebastian-kennerknecht
https://www.globalwildlife.org/blog/a-qa-with-zaria-forman-artist-for-christies-global-wildlife-conservation-benefit/,https://www.rewild.org/news/a-qa-with-zaria-forman-artist-for-christies-global-wildlife-conservation-benefit
https://www.globalwildlife.org/blog/a-tale-of-two-frogs-and-some-of-the-biologists-who-love-them/,https://www.rewild.org/news/a-tale-of-two-frogs-and-some-of-the-biologists-who-love-them
https://www.globalwildlife.org/blog/a-wild-2020/,https://www.rewild.org/news/a-wild-2020
https://www.globalwildlife.org/blog/actress-and-model-suki-waterhouse-gets-wild-with-gwc/,https://www.rewild.org/news/actress-and-model-suki-waterhouse-gets-wild-with-gwc
https://www.globalwildlife.org/blog/addressing-the-drivers-of-poaching/,https://www.rewild.org/news/addressing-the-drivers-of-poaching
https://www.globalwildlife.org/blog/after-years-of-conflict-could-this-colombian-forest-be-hiding-a-lost-parakeet-species/,https://www.rewild.org/news/after-years-of-conflict-could-this-colombian-forest-be-hiding-a-lost-parakeet-species
https://www.globalwildlife.org/blog/against-the-odds-panamas-lost-frogs-cling-to-life-in-chytrids-wake/,https://www.rewild.org/news/against-the-odds-panamas-lost-frogs-cling-to-life-in-chytrids-wake
https://www.globalwildlife.org/blog/an-extraordinary-encounter-with-the-rare-javan-rhino/,https://www.rewild.org/news/an-extraordinary-encounter-with-the-rare-javan-rhino
https://www.globalwildlife.org/blog/asi-es-como-se-juega-a-ser-casamentera-de-una-rana/,https://www.rewild.org/news/asi-es-como-se-juega-a-ser-casamentera-de-una-rana
https://www.globalwildlife.org/blog/atewa-forest-a-wild-wonderland/,https://www.rewild.org/news/atewa-forest-a-wild-wonderland
https://www.globalwildlife.org/blog/atewa-forest-ghanas-life-source/,https://www.rewild.org/news/atewa-forest-ghanas-life-source
https://www.globalwildlife.org/blog/atewa-till-eternity/,https://www.rewild.org/news/atewa-till-eternity
https://www.globalwildlife.org/blog/behind-the-photo-how-gwcs-robin-moore-caught-a-rare-hirola-family-on-film/,https://www.rewild.org/news/behind-the-photo-how-gwcs-robin-moore-caught-a-rare-hirola-family-on-film
https://www.globalwildlife.org/blog/better-than-nessie-freshwater-turtle-discovery-galvanizes-hope-this-earth-month/,https://www.rewild.org/news/better-than-nessie-freshwater-turtle-discovery-galvanizes-hope-this-earth-month
https://www.globalwildlife.org/blog/between-the-stripes-part-i-discovery-of-a-tiger-like-rabbit/,https://www.rewild.org/news/between-the-stripes-part-i-discovery-of-a-tiger-like-rabbit
https://www.globalwildlife.org/blog/between-the-stripes-part-ii-a-rare-encounter/,https://www.rewild.org/news/between-the-stripes-part-ii-a-rare-encounter
https://www.globalwildlife.org/blog/between-the-stripes-part-iii-unlocking-the-rabbits-mysteries/,https://www.rewild.org/news/between-the-stripes-part-iii-unlocking-the-rabbits-mysteries
https://www.globalwildlife.org/blog/blog-devil-ark-breeds-its-300th-tasmanian-devil/,https://www.rewild.org/news/blog-devil-ark-breeds-its-300th-tasmanian-devil
https://www.globalwildlife.org/blog/blog-quoll-it-a-comeback/,https://www.rewild.org/news/blog-quoll-it-a-comeback
https://www.globalwildlife.org/blog/blog-this-is-how-you-play-matchmaker-to-a-frog/,https://www.rewild.org/news/blog-this-is-how-you-play-matchmaker-to-a-frog
https://www.globalwildlife.org/blog/bolivian-photographer-rediscovers-rare-three-colored-harlequin-toad/,https://www.rewild.org/news/bolivian-photographer-rediscovers-rare-three-colored-harlequin-toad
https://www.globalwildlife.org/blog/borba-za-ocuvanje-slobodne-rijeke-kruscice/,https://www.rewild.org/news/borba-za-ocuvanje-slobodne-rijeke-kruscice
https://www.globalwildlife.org/blog/borba-zajednice-za-rijeku-neretvicu/,https://www.rewild.org/news/borba-zajednice-za-rijeku-neretvicu
https://www.globalwildlife.org/blog/bravery-is-not-enough/,https://www.rewild.org/news/bravery-is-not-enough
https://www.globalwildlife.org/blog/building-bridges-for-the-sierra-nevada-de-santa-marta/,https://www.rewild.org/news/building-bridges-for-the-sierra-nevada-de-santa-marta
https://www.globalwildlife.org/blog/camera-traps-reveal-hidden-wildlife-deep-in-the-jungles-of-laos/,https://www.rewild.org/news/camera-traps-reveal-hidden-wildlife-deep-in-the-jungles-of-laos
https://www.globalwildlife.org/blog/category/guardians/,https://www.rewild.org/news
https://www.globalwildlife.org/blog/category/guardians/associates/,https://www.rewild.org/news
https://www.globalwildlife.org/blog/category/guardians/indigenous-people/,https://www.rewild.org/news
https://www.globalwildlife.org/blog/category/guardians/partners/,https://www.rewild.org/news
https://www.globalwildlife.org/blog/category/guardians/rangers/,https://www.rewild.org/news
https://www.globalwildlife.org/blog/category/guardians/women-in-nature/,https://www.rewild.org/news
https://www.globalwildlife.org/blog/category/solutions/,https://www.rewild.org/news
https://www.globalwildlife.org/blog/category/solutions/creating-pas/,https://www.rewild.org/news
https://www.globalwildlife.org/blog/category/solutions/cultivating-conservation-leaders/,https://www.rewild.org/news
https://www.globalwildlife.org/blog/category/solutions/exploration/,https://www.rewild.org/news
https://www.globalwildlife.org/blog/category/solutions/managing-pas/,https://www.rewild.org/news
https://www.globalwildlife.org/blog/category/solutions/preventing-wildlife-crime/,https://www.rewild.org/news
https://www.globalwildlife.org/blog/category/solutions/recovering-endangered-species/,https://www.rewild.org/news
https://www.globalwildlife.org/blog/category/solutions/science/,https://www.rewild.org/news
https://www.globalwildlife.org/blog/category/wildlands/,https://www.rewild.org/news
https://www.globalwildlife.org/blog/category/wildlands/africa/,https://www.rewild.org/news
https://www.globalwildlife.org/blog/category/wildlands/asia/,https://www.rewild.org/news
https://www.globalwildlife.org/blog/category/wildlands/australia/,https://www.rewild.org/news
https://www.globalwildlife.org/blog/category/wildlands/central-america/,https://www.rewild.org/news
https://www.globalwildlife.org/blog/category/wildlands/europe/,https://www.rewild.org/news
https://www.globalwildlife.org/blog/category/wildlands/islands/,https://www.rewild.org/news
https://www.globalwildlife.org/blog/category/wildlands/north-america/,https://www.rewild.org/news
https://www.globalwildlife.org/blog/category/wildlands/south-america/,https://www.rewild.org/news
https://www.globalwildlife.org/blog/category/wildlife/,https://www.rewild.org/news
https://www.globalwildlife.org/blog/category/wildlife/amphibians-wildlife/,https://www.rewild.org/news
https://www.globalwildlife.org/blog/category/wildlife/birds/,https://www.rewild.org/news
https://www.globalwildlife.org/blog/category/wildlife/invertebrates/,https://www.rewild.org/news
https://www.globalwildlife.org/blog/category/wildlife/lost-species/,https://www.rewild.org/news
https://www.globalwildlife.org/blog/category/wildlife/mammals/,https://www.rewild.org/news
https://www.globalwildlife.org/blog/category/wildlife/primates/,https://www.rewild.org/news
https://www.globalwildlife.org/blog/category/wildlife/reptiles/,https://www.rewild.org/news
https://www.globalwildlife.org/blog/chasing-hope-for-costa-ricas-golden-toad/,https://www.rewild.org/news/chasing-hope-for-costa-ricas-golden-toad
https://www.globalwildlife.org/blog/cloud-forests-with-every-chance-of-new-species/,https://www.rewild.org/news/cloud-forests-with-every-chance-of-new-species
https://www.globalwildlife.org/blog/collective-effort-puts-out-forest-fires-in-brazilian-state-park/,https://www.rewild.org/news/collective-effort-puts-out-forest-fires-in-brazilian-state-park
https://www.globalwildlife.org/blog/come-hell-and-highwater/,https://www.rewild.org/news/come-hell-and-highwater
https://www.globalwildlife.org/blog/coming-together-to-makeasplash/,https://www.rewild.org/news/coming-together-to-makeasplash
https://www.globalwildlife.org/blog/como-un-pequeno-equipo-esta-tomando-medidas-heroicas-para-salvar-a-una-especie-de-rana-a-punto-de-extinguirse/,https://www.rewild.org/news/como-un-pequeno-equipo-esta-tomando-medidas-heroicas-para-salvar-a-una-especie-de-rana-a-punto-de-extinguirse
https://www.globalwildlife.org/blog/confronting-the-ghost-of-the-saola/,https://www.rewild.org/news/confronting-the-ghost-of-the-saola
https://www.globalwildlife.org/blog/conserving-endangered-wildlife-in-the-lands-of-indigenous-people-a-story-of-the-tamaraw-and-the-tau-buid/,https://www.rewild.org/news/conserving-endangered-wildlife-in-the-lands-of-indigenous-people-a-story-of-the-tamaraw-and-the-tau-buid
https://www.globalwildlife.org/blog/conserving-tapirs-beyond-borders/,https://www.rewild.org/news/conserving-tapirs-beyond-borders
https://www.globalwildlife.org/blog/construyendo-puentes-para-la-sierra-nevada-de-santa-marta/,https://www.rewild.org/news/construyendo-puentes-para-la-sierra-nevada-de-santa-marta
https://www.globalwildlife.org/blog/coronaviruses-and-the-human-meat-market/,https://www.rewild.org/news/coronaviruses-and-the-human-meat-market
https://www.globalwildlife.org/blog/cosmopolitan-small-cats-make-a-splash-in-sri-lanka/,https://www.rewild.org/news/cosmopolitan-small-cats-make-a-splash-in-sri-lanka
https://www.globalwildlife.org/blog/creating-an-effective-deterrent-with-the-zero-poaching-toolkit/,https://www.rewild.org/news/creating-an-effective-deterrent-with-the-zero-poaching-toolkit
https://www.globalwildlife.org/blog/dear-humankind/,https://www.rewild.org/news/dear-humankind
https://www.globalwildlife.org/blog/devils-in-the-details-devil-ark-discovers-the-true-taz/,https://www.rewild.org/news/devils-in-the-details-devil-ark-discovers-the-true-taz
https://www.globalwildlife.org/blog/earth-optimism-tracking-success-in-species-recovery/,https://www.rewild.org/news/earth-optimism-tracking-success-in-species-recovery
https://www.globalwildlife.org/blog/ebo-forest-a-stronghold-for-cameroons-wildlife/,https://www.rewild.org/news/ebo-forest-a-stronghold-for-cameroons-wildlife
https://www.globalwildlife.org/blog/eight-things-you-should-know-about-water-frogs/,https://www.rewild.org/news/eight-things-you-should-know-about-water-frogs
https://www.globalwildlife.org/blog/enforcement-efforts-meet-technology-a-story-of-success-in-the-maya-golden-landscape-in-southern-belize/,https://www.rewild.org/news/enforcement-efforts-meet-technology-a-story-of-success-in-the-maya-golden-landscape-in-southern-belize
https://www.globalwildlife.org/blog/engaging-communities-and-rangers-to-prevent-poaching/,https://www.rewild.org/news/engaging-communities-and-rangers-to-prevent-poaching
https://www.globalwildlife.org/blog/eritrean-gazelles-once-lost-and-now-found-in-their-namesake-country/,https://www.rewild.org/news/eritrean-gazelles-once-lost-and-now-found-in-their-namesake-country
https://www.globalwildlife.org/blog/esta-rana-recien-descubierta-es-una-gemela-transparente-con-un-canto-extrano/,https://www.rewild.org/news/esta-rana-recien-descubierta-es-una-gemela-transparente-con-un-canto-extrano
https://www.globalwildlife.org/blog/expedition-update-digging-up-south-africas-golden-moles/,https://www.rewild.org/news/expedition-update-digging-up-south-africas-golden-moles
https://www.globalwildlife.org/blog/finding-hope-in-a-hurricanes-aftermath/,https://www.rewild.org/news/finding-hope-in-a-hurricanes-aftermath
https://www.globalwildlife.org/blog/finding-hope-in-conservation-the-search-for-a-lost-flying-squirrel/,https://www.rewild.org/news/finding-hope-in-conservation-the-search-for-a-lost-flying-squirrel
https://www.globalwildlife.org/blog/fishing-cats-quietly-slink-out-of-existence-in-southeast-asia/,https://www.rewild.org/news/fishing-cats-quietly-slink-out-of-existence-in-southeast-asia
https://www.globalwildlife.org/blog/fishing-with-pesticides-threatens-rama-kriol-communities-deep-in-indio-maiz/,https://www.rewild.org/news/fishing-with-pesticides-threatens-rama-kriol-communities-deep-in-indio-maiz
https://www.globalwildlife.org/blog/forests-that-drink-from-the-clouds/,https://www.rewild.org/news/forests-that-drink-from-the-clouds
https://www.globalwildlife.org/blog/fotografo-boliviano-redescubre-la-rara-rana-arlequin-tricolor/,https://www.rewild.org/news/fotografo-boliviano-redescubre-la-rara-rana-arlequin-tricolor
https://www.globalwildlife.org/blog/framing-biodiversity-one-story-at-a-time/,https://www.rewild.org/news/framing-biodiversity-one-story-at-a-time
https://www.globalwildlife.org/blog/from-the-field-hurricane-otto-tears-through-indio-maiz/,https://www.rewild.org/news/from-the-field-hurricane-otto-tears-through-indio-maiz
https://www.globalwildlife.org/blog/ghost-of-the-andes-materializes-in-haunting-moment/,https://www.rewild.org/news/ghost-of-the-andes-materializes-in-haunting-moment
https://www.globalwildlife.org/blog/grassroots-action-plan-sprouts-to-protect-the-forests-of-indio-maiz/,https://www.rewild.org/news/grassroots-action-plan-sprouts-to-protect-the-forests-of-indio-maiz
https://www.globalwildlife.org/blog/gum-chewing-mini-monkeys-get-expanded-genetic-family-tree/,https://www.rewild.org/news/gum-chewing-mini-monkeys-get-expanded-genetic-family-tree
https://www.globalwildlife.org/blog/gwc-and-christies-harness-the-power-of-art-to-protect-cloud-forests/,https://www.rewild.org/news/gwc-and-christies-harness-the-power-of-art-to-protect-cloud-forests
https://www.globalwildlife.org/blog/gwc-associate-conservation-scientist-captures-rare-footage-of-elusive-deer-species-from-laos/,https://www.rewild.org/news/gwc-associate-conservation-scientist-captures-rare-footage-of-elusive-deer-species-from-laos
https://www.globalwildlife.org/blog/gwc-associate-conservation-scientist-heads-to-laos-to-survey-rare-annamite-species/,https://www.rewild.org/news/gwc-associate-conservation-scientist-heads-to-laos-to-survey-rare-annamite-species
https://www.globalwildlife.org/blog/gwc-associate-scores-a-big-win-for-small-cats-4/,https://www.rewild.org/news/gwc-associate-scores-a-big-win-for-small-cats-4
https://www.globalwildlife.org/blog/gwc-conservationists-go-to-bat-in-world-series-of-camera-trap-competitions/,https://www.rewild.org/news/gwc-conservationists-go-to-bat-in-world-series-of-camera-trap-competitions
https://www.globalwildlife.org/blog/gwcs-conservation-superpower-collaboration/,https://www.rewild.org/news/gwcs-conservation-superpower-collaboration
https://www.globalwildlife.org/blog/happy-hatchday-21-years-of-conservation-success-for-the-kakapo/,https://www.rewild.org/news/happy-hatchday-21-years-of-conservation-success-for-the-kakapo
https://www.globalwildlife.org/blog/help-these-orphaned-orangutans-weather-the-covid-19-pandemic-and-return-to-the-wild/,https://www.rewild.org/news/help-these-orphaned-orangutans-weather-the-covid-19-pandemic-and-return-to-the-wild
https://www.globalwildlife.org/blog/hope-in-the-face-of-10000-deaths/,https://www.rewild.org/news/hope-in-the-face-of-10000-deaths
https://www.globalwildlife.org/blog/how-covid-19-is-affecting-the-worlds-protected-and-conserved-areas/,https://www.rewild.org/news/how-covid-19-is-affecting-the-worlds-protected-and-conserved-areas
https://www.globalwildlife.org/blog/how-covid-19-is-impacting-rangers-worldwide/,https://www.rewild.org/news/how-covid-19-is-impacting-rangers-worldwide
https://www.globalwildlife.org/blog/how-dogs-and-dna-could-help-unearth-de-wintons-golden-mole/,https://www.rewild.org/news/how-dogs-and-dna-could-help-unearth-de-wintons-golden-mole
https://www.globalwildlife.org/blog/how-rangersdeservemore-helped-illuminate-all-that-wildlife-rangers-do/,https://www.rewild.org/news/how-rangersdeservemore-helped-illuminate-all-that-wildlife-rangers-do
https://www.globalwildlife.org/blog/implementing-smart-to-conserve-big-cats-globally/,https://www.rewild.org/news/implementing-smart-to-conserve-big-cats-globally
https://www.globalwildlife.org/blog/improving-conditions-for-our-planets-protectors/,https://www.rewild.org/news/improving-conditions-for-our-planets-protectors
https://www.globalwildlife.org/blog/invasion-part-i/,https://www.rewild.org/news/invasion-part-i
https://www.globalwildlife.org/blog/invasion-part-ii/,https://www.rewild.org/news/invasion-part-ii
https://www.globalwildlife.org/blog/invasion-part-iii/,https://www.rewild.org/news/invasion-part-iii
https://www.globalwildlife.org/blog/invasion-part-iv/,https://www.rewild.org/news/invasion-part-iv
https://www.globalwildlife.org/blog/investigadores-hacen-un-redescubrimiento-fortuito-la-rana-arlequin-de-mindo-de-ecuador/,https://www.rewild.org/news/investigadores-hacen-un-redescubrimiento-fortuito-la-rana-arlequin-de-mindo-de-ecuador
https://www.globalwildlife.org/blog/investing-in-nicaraguas-natural-heritage/,https://www.rewild.org/news/investing-in-nicaraguas-natural-heritage
https://www.globalwildlife.org/blog/its-a-girl-sumatran-rhino-calf-born-at-the-sumatran-rhino-sanctuary/,https://www.rewild.org/news/its-a-girl-sumatran-rhino-calf-born-at-the-sumatran-rhino-sanctuary
https://www.globalwildlife.org/blog/la-foret-debo-un-point-chaud-de-la-faune-au-cameroun/,https://www.rewild.org/news/la-foret-debo-un-point-chaud-de-la-faune-au-cameroun
https://www.globalwildlife.org/blog/la-pesca-con-veneno-amenaza-a-las-comunidades-ramas-y-krioles-de-las-zonas-remotas-de-indio-maiz/,https://www.rewild.org/news/la-pesca-con-veneno-amenaza-a-las-comunidades-ramas-y-krioles-de-las-zonas-remotas-de-indio-maiz
https://www.globalwildlife.org/blog/last-refuge-of-the-javan-rhinos/,https://www.rewild.org/news/last-refuge-of-the-javan-rhinos
https://www.globalwildlife.org/blog/les-liens-des-communautes-locales-avec-la-foret-debo-setendent-sur-plusieurs-generations/,https://www.rewild.org/news/les-liens-des-communautes-locales-avec-la-foret-debo-setendent-sur-plusieurs-generations
https://www.globalwildlife.org/blog/local-communities-connections-to-ebo-forest-span-generations/,https://www.rewild.org/news/local-communities-connections-to-ebo-forest-span-generations
https://www.globalwildlife.org/blog/lost-heroes-dr-bernie-kuhajdas-big-love-for-little-fishes/,https://www.rewild.org/news/lost-heroes-dr-bernie-kuhajdas-big-love-for-little-fishes
https://www.globalwildlife.org/blog/lostcast-broadcasting-the-search-for-the-lost-saki-monkey/,https://www.rewild.org/news/lostcast-broadcasting-the-search-for-the-lost-saki-monkey
https://www.globalwildlife.org/blog/mindo-harlequin-toad-rediscovered-after-30-years/,https://www.rewild.org/news/mindo-harlequin-toad-rediscovered-after-30-years
https://www.globalwildlife.org/blog/mining-threatens-largest-population-of-western-chimpanzees/,https://www.rewild.org/news/mining-threatens-largest-population-of-western-chimpanzees
https://www.globalwildlife.org/blog/move-over-seymour-for-pitcher-plants/,https://www.rewild.org/news/move-over-seymour-for-pitcher-plants
https://www.globalwildlife.org/blog/national-parks-in-africa-suspend-tourism-following-guidelines-from-iucn/,https://www.rewild.org/news/national-parks-in-africa-suspend-tourism-following-guidelines-from-iucn
https://www.globalwildlife.org/blog/new-camera-trap-images-peer-into-hidden-world-of-the-annamites/,https://www.rewild.org/news/new-camera-trap-images-peer-into-hidden-world-of-the-annamites
https://www.globalwildlife.org/blog/newly-discovered-blue-tarantula/,https://www.rewild.org/news/newly-discovered-blue-tarantula
https://www.globalwildlife.org/blog/newly-discovered-frog-species-named-after-gwcs-robin-moore/,https://www.rewild.org/news/newly-discovered-frog-species-named-after-gwcs-robin-moore
https://www.globalwildlife.org/blog/no-bull-tamaraw-surveys-reveal-unexpectedly-large-population-of-the-critically-endangered-buffalo/,https://www.rewild.org/news/no-bull-tamaraw-surveys-reveal-unexpectedly-large-population-of-the-critically-endangered-buffalo
https://www.globalwildlife.org/blog/no-pain-no-gain-in-the-search-for-this-lost-frog/,https://www.rewild.org/news/no-pain-no-gain-in-the-search-for-this-lost-frog
https://www.globalwildlife.org/blog/no-species-left-behind/,https://www.rewild.org/news/no-species-left-behind
https://www.globalwildlife.org/blog/ocho-cosas-que-debes-saber-sobre-las-ranas-acuaticas/,https://www.rewild.org/news/ocho-cosas-que-debes-saber-sobre-las-ranas-acuaticas
https://www.globalwildlife.org/blog/off-the-cuff-with-chief-conservation-officer-russ-mittermeier-s/,https://www.rewild.org/news/off-the-cuff-with-chief-conservation-officer-russ-mittermeier-s
https://www.globalwildlife.org/blog/on-the-case-galapagos-team-embarks-on-search-for-most-wanted-giant-tortoise/,https://www.rewild.org/news/on-the-case-galapagos-team-embarks-on-search-for-most-wanted-giant-tortoise
https://www.globalwildlife.org/blog/on-the-case-solving-the-mysteries-of-the-lost-silver-backed-chevrotain/,https://www.rewild.org/news/on-the-case-solving-the-mysteries-of-the-lost-silver-backed-chevrotain
https://www.globalwildlife.org/blog/one-small-step-for-man-one-giant-leap-for-rat-kind-with-the-hind-legs-to-prove-it/,https://www.rewild.org/news/one-small-step-for-man-one-giant-leap-for-rat-kind-with-the-hind-legs-to-prove-it
https://www.globalwildlife.org/blog/pangolins-receive-strongest-global-trade-protection/,https://www.rewild.org/news/pangolins-receive-strongest-global-trade-protection
https://www.globalwildlife.org/blog/photo-story-creating-a-protected-area-plan-for-indio-maiz/,https://www.rewild.org/news/photo-story-creating-a-protected-area-plan-for-indio-maiz
https://www.globalwildlife.org/blog/plotting-a-future-for-the-wildlife-of-redonda-island/,https://www.rewild.org/news/plotting-a-future-for-the-wildlife-of-redonda-island
https://www.globalwildlife.org/blog/preparing-for-a-rhino-rescue-mission/,https://www.rewild.org/news/preparing-for-a-rhino-rescue-mission
https://www.globalwildlife.org/blog/preparing-for-the-pink-headed-duck-expedition-myanmar-2017/,https://www.rewild.org/news/preparing-for-the-pink-headed-duck-expedition-myanmar-2017
https://www.globalwildlife.org/blog/preserving-tapirs-in-the-mysterious-mountains-of-costa-rica/,https://www.rewild.org/news/preserving-tapirs-in-the-mysterious-mountains-of-costa-rica
https://www.globalwildlife.org/blog/primates-in-peril-urgent-action-in-these-four-countries-is-critical-to-staving-off-mass-extinction/,https://www.rewild.org/news/primates-in-peril-urgent-action-in-these-four-countries-is-critical-to-staving-off-mass-extinction
https://www.globalwildlife.org/blog/protecting-primates-through-ecotourism/,https://www.rewild.org/news/protecting-primates-through-ecotourism
https://www.globalwildlife.org/blog/putting-crabs-on-the-map-rediscovering-lost-species-in-western-cameroon/,https://www.rewild.org/news/putting-crabs-on-the-map-rediscovering-lost-species-in-western-cameroon
https://www.globalwildlife.org/blog/qa-from-the-field-nicaragua/,https://www.rewild.org/news/qa-from-the-field-nicaragua
https://www.globalwildlife.org/blog/qa-with-andres-link-winner-of-the-2018-sabin-primate-conservation-prize/,https://www.rewild.org/news/qa-with-andres-link-winner-of-the-2018-sabin-primate-conservation-prize
https://www.globalwildlife.org/blog/qa-with-arturo-munoz-co-winner-of-the-2015-sabin-amphibian-conservation-prize/,https://www.rewild.org/news/qa-with-arturo-munoz-co-winner-of-the-2015-sabin-amphibian-conservation-prize
https://www.globalwildlife.org/blog/qa-with-dr-cecilia-kierulff-winner-of-the-2015-sabin-primate-conservation-prize/,https://www.rewild.org/news/qa-with-dr-cecilia-kierulff-winner-of-the-2015-sabin-primate-conservation-prize
https://www.globalwildlife.org/blog/qa-with-dr-sabine-schoppe-winner-of-the-2015-sabin-turtle-conservation-prize/,https://www.rewild.org/news/qa-with-dr-sabine-schoppe-winner-of-the-2015-sabin-turtle-conservation-prize
https://www.globalwildlife.org/blog/qa-with-gamaliel-castaneda-winner-of-the-2018-sabin-turtle-conservation-prize/,https://www.rewild.org/news/qa-with-gamaliel-castaneda-winner-of-the-2018-sabin-turtle-conservation-prize
https://www.globalwildlife.org/blog/qa-with-gerardo-garcia-winner-of-the-2018-sabin-amphibian-conservation-prize/,https://www.rewild.org/news/qa-with-gerardo-garcia-winner-of-the-2018-sabin-amphibian-conservation-prize
https://www.globalwildlife.org/blog/qa-with-gwc-director-of-species-conservation-barney-long/,https://www.rewild.org/news/qa-with-gwc-director-of-species-conservation-barney-long
https://www.globalwildlife.org/blog/qa-with-gwcs-new-chief-conservation-officer/,https://www.rewild.org/news/qa-with-gwcs-new-chief-conservation-officer
https://www.globalwildlife.org/blog/qa-with-gwcs-new-chief-operating-officer/,https://www.rewild.org/news/qa-with-gwcs-new-chief-operating-officer
https://www.globalwildlife.org/blog/qa-with-gwcs-new-comptroller/,https://www.rewild.org/news/qa-with-gwcs-new-comptroller
https://www.globalwildlife.org/blog/qa-with-gwcs-new-data-and-metrics-manager/,https://www.rewild.org/news/qa-with-gwcs-new-data-and-metrics-manager
https://www.globalwildlife.org/blog/qa-with-gwcs-new-director-of-key-biodiversity-areas-and-species-assessment/,https://www.rewild.org/news/qa-with-gwcs-new-director-of-key-biodiversity-areas-and-species-assessment
https://www.globalwildlife.org/blog/qa-with-gwcs-new-director-of-protected-area-management/,https://www.rewild.org/news/qa-with-gwcs-new-director-of-protected-area-management
https://www.globalwildlife.org/blog/qa-with-gwcs-new-executive-assistant/,https://www.rewild.org/news/qa-with-gwcs-new-executive-assistant
https://www.globalwildlife.org/blog/qa-with-gwcs-new-manager-of-iucn-red-list-assessments/,https://www.rewild.org/news/qa-with-gwcs-new-manager-of-iucn-red-list-assessments
https://www.globalwildlife.org/blog/qa-with-gwcs-new-operations-associate/,https://www.rewild.org/news/qa-with-gwcs-new-operations-associate
https://www.globalwildlife.org/blog/qa-with-gwcs-new-primate-conservation-director/,https://www.rewild.org/news/qa-with-gwcs-new-primate-conservation-director
https://www.globalwildlife.org/blog/qa-with-gwcs-new-wildlife-crime-prevention-officer/,https://www.rewild.org/news/qa-with-gwcs-new-wildlife-crime-prevention-officer
https://www.globalwildlife.org/blog/qa-with-jessa-garibay-winner-of-the-2016-sabin-amphibian-conservation-prize/,https://www.rewild.org/news/qa-with-jessa-garibay-winner-of-the-2016-sabin-amphibian-conservation-prize
https://www.globalwildlife.org/blog/qa-with-jim-sanderson/,https://www.rewild.org/news/qa-with-jim-sanderson
https://www.globalwildlife.org/blog/qa-with-rosalinda-palomo-ramos-winner-of-the-2018-sabin-turtle-conservation-prize/,https://www.rewild.org/news/qa-with-rosalinda-palomo-ramos-winner-of-the-2018-sabin-turtle-conservation-prize
https://www.globalwildlife.org/blog/qa-with-ryan-walker-winner-of-the-2016-sabin-turtle-conservation-prize/,https://www.rewild.org/news/qa-with-ryan-walker-winner-of-the-2016-sabin-turtle-conservation-prize
https://www.globalwildlife.org/blog/race-for-the-rainbow-toad/,https://www.rewild.org/news/race-for-the-rainbow-toad
https://www.globalwildlife.org/blog/rainforest-regeneration-new-hope-for-indio-maiz/,https://www.rewild.org/news/rainforest-regeneration-new-hope-for-indio-maiz
https://www.globalwildlife.org/blog/raising-a-red-flag-for-red-colobus/,https://www.rewild.org/news/raising-a-red-flag-for-red-colobus
https://www.globalwildlife.org/blog/rare-reptiles-rebound-with-radical-restoration-of-caribbean-island/,https://www.rewild.org/news/rare-reptiles-rebound-with-radical-restoration-of-caribbean-island
https://www.globalwildlife.org/blog/rebounding-from-hurricane-otto-in-nicaraguas-most-ecologically-sensitive-rainforests/,https://www.rewild.org/news/rebounding-from-hurricane-otto-in-nicaraguas-most-ecologically-sensitive-rainforests
https://www.globalwildlife.org/blog/red-list-of-reasons-for-hope/,https://www.rewild.org/news/red-list-of-reasons-for-hope
https://www.globalwildlife.org/blog/redescubrimiento-de-caiman-perdido-lleva-a-nuevo-misterio-sobre-crocodylidos/,https://www.rewild.org/news/redescubrimiento-de-caiman-perdido-lleva-a-nuevo-misterio-sobre-crocodylidos
https://www.globalwildlife.org/blog/rediscovering-hope-for-the-longnose-harlequin-frog/,https://www.rewild.org/news/rediscovering-hope-for-the-longnose-harlequin-frog
https://www.globalwildlife.org/blog/rediscovering-wallaces-giant-bee-in-search-of-raja-ofu-the-king-of-bees/,https://www.rewild.org/news/rediscovering-wallaces-giant-bee-in-search-of-raja-ofu-the-king-of-bees
https://www.globalwildlife.org/blog/rediscovery-in-a-glint-of-blue/,https://www.rewild.org/news/rediscovery-in-a-glint-of-blue
https://www.globalwildlife.org/blog/rediscovery-of-lost-caiman-leads-to-new-crocodylian-mystery/,https://www.rewild.org/news/rediscovery-of-lost-caiman-leads-to-new-crocodylian-mystery
https://www.globalwildlife.org/blog/reflections-on-the-golden-lion-tamarin/,https://www.rewild.org/news/reflections-on-the-golden-lion-tamarin
https://www.globalwildlife.org/blog/researchers-hop-to-it-to-study-a-stunning-rabbit-with-tiger-stripes/,https://www.rewild.org/news/researchers-hop-to-it-to-study-a-stunning-rabbit-with-tiger-stripes
https://www.globalwildlife.org/blog/reversing-empty-forest-syndrome-in-southeast-asia/,https://www.rewild.org/news/reversing-empty-forest-syndrome-in-southeast-asia
https://www.globalwildlife.org/blog/romeo-juliet-summer-of-love/,https://www.rewild.org/news/romeo-juliet-summer-of-love
https://www.globalwildlife.org/blog/romeo-julieta-verano-de-amor/,https://www.rewild.org/news/romeo-julieta-verano-de-amor
https://www.globalwildlife.org/blog/romeo-oh-romeo-espanol/,https://www.rewild.org/news/romeo-oh-romeo-espanol
https://www.globalwildlife.org/blog/romeo-oh-romeo/,https://www.rewild.org/news/romeo-oh-romeo
https://www.globalwildlife.org/blog/salamander-rediscovery-gets-search-for-lost-species-off-to-promising-start/,https://www.rewild.org/news/salamander-rediscovery-gets-search-for-lost-species-off-to-promising-start
https://www.globalwildlife.org/blog/salamanders-of-the-cuchumatanes-lost-and-found/,https://www.rewild.org/news/salamanders-of-the-cuchumatanes-lost-and-found
https://www.globalwildlife.org/blog/saola-the-tip-of-the-annamites-extinction-iceberg/,https://www.rewild.org/news/saola-the-tip-of-the-annamites-extinction-iceberg
https://www.globalwildlife.org/blog/saving-endangered-species-and-our-planet/,https://www.rewild.org/news/saving-endangered-species-and-our-planet
https://www.globalwildlife.org/blog/saving-goat-islands/,https://www.rewild.org/news/saving-goat-islands
https://www.globalwildlife.org/blog/search-for-the-lost-omiltemi-cottontail-rabbit-brings-new-clues/,https://www.rewild.org/news/search-for-the-lost-omiltemi-cottontail-rabbit-brings-new-clues
https://www.globalwildlife.org/blog/search-for-the-pink-headed-duck-the-interviews/,https://www.rewild.org/news/search-for-the-pink-headed-duck-the-interviews
https://www.globalwildlife.org/blog/search-for-the-toro-pt-2-local-ecological-knowledgeï»¿/,https://www.rewild.org/news/search-for-the-toro-pt-2-local-ecological-knowledge
https://www.globalwildlife.org/blog/searching-for-lost-monkeys/,https://www.rewild.org/news/searching-for-lost-monkeys
https://www.globalwildlife.org/blog/searching-for-the-lost-toro-pt-1/,https://www.rewild.org/news/searching-for-the-lost-toro-pt-1
https://www.globalwildlife.org/blog/seeking-the-somali-sengi/,https://www.rewild.org/news/seeking-the-somali-sengi
https://www.globalwildlife.org/blog/sharing-an-apple-a-day-keeps-thepoaching-away/,https://www.rewild.org/news/sharing-an-apple-a-day-keeps-thepoaching-away
https://www.globalwildlife.org/blog/shifting-from-biology-to-sociology-doing-interviews-of-communities-to-understand-their-willingness-to-protect-local-wildlife/,https://www.rewild.org/news/shifting-from-biology-to-sociology-doing-interviews-of-communities-to-understand-their-willingness-to-protect-local-wildlife
https://www.globalwildlife.org/blog/sounding-the-alarm-madagascars-weird-and-wonderful-lemurs-on-the-brink/,https://www.rewild.org/news/sounding-the-alarm-madagascars-weird-and-wonderful-lemurs-on-the-brink
https://www.globalwildlife.org/blog/standing-with-our-planets-caretakers-on-world-ranger-day/,https://www.rewild.org/news/standing-with-our-planets-caretakers-on-world-ranger-day
https://www.globalwildlife.org/blog/sumatran-rhino-rescue-plan-spurs-new-hope-for-vanishing-species/,https://www.rewild.org/news/sumatran-rhino-rescue-plan-spurs-new-hope-for-vanishing-species
https://www.globalwildlife.org/blog/tag/robin-moore/,https://www.rewild.org/news/tag/robin-moore
https://www.globalwildlife.org/blog/tag/search-for-lost-species/,https://www.rewild.org/news/tag/search-for-lost-species
https://www.globalwildlife.org/blog/tag/search-for-lost-species/page/2/,https://www.rewild.org/news/tag/search-for-lost-species/page/2
https://www.globalwildlife.org/blog/tag/tapanti-national-park/,https://www.rewild.org/news/tag/tapanti-national-park
https://www.globalwildlife.org/blog/taking-the-temperature-of-wildlife-health-across-the-planet/,https://www.rewild.org/news/taking-the-temperature-of-wildlife-health-across-the-planet
https://www.globalwildlife.org/blog/tamaraw-adventures/,https://www.rewild.org/news/tamaraw-adventures
https://www.globalwildlife.org/blog/tamaraw-tales-introduction/,https://www.rewild.org/news/tamaraw-tales-introduction
https://www.globalwildlife.org/blog/tapir-tracks-pave-path-for-effective-conservation/,https://www.rewild.org/news/tapir-tracks-pave-path-for-effective-conservation
https://www.globalwildlife.org/blog/tapirs-to-the-global-warming-rescue/,https://www.rewild.org/news/tapirs-to-the-global-warming-rescue
https://www.globalwildlife.org/blog/the-black-browed-babbler-an-enigma-that-has-been-missing-and-has-perplexed-scientists-for-more-than-170-years-is-found-in-indonesia/,https://www.rewild.org/news/the-black-browed-babbler-an-enigma-that-has-been-missing-and-has-perplexed-scientists-for-more-than-170-years-is-found-in-indonesia
https://www.globalwildlife.org/blog/the-call-of-hope/,https://www.rewild.org/news/the-call-of-hope
https://www.globalwildlife.org/blog/the-croc-whisperer-croc-aficionado-lawrence-henriques-shares-his-passion-for-jamaicas-largest-predators/,https://www.rewild.org/news/the-croc-whisperer-croc-aficionado-lawrence-henriques-shares-his-passion-for-jamaicas-largest-predators
https://www.globalwildlife.org/blog/the-fight-to-keep-the-kruscica-river-wild/,https://www.rewild.org/news/the-fight-to-keep-the-kruscica-river-wild
https://www.globalwildlife.org/blog/the-gateway-plastic/,https://www.rewild.org/news/the-gateway-plastic
https://www.globalwildlife.org/blog/the-jamaican-iguana-will-soon-have-a-permanent-home-on-goat-islands/,https://www.rewild.org/news/the-jamaican-iguana-will-soon-have-a-permanent-home-on-goat-islands
https://www.globalwildlife.org/blog/the-kaki-gets-a-larger-love-nest/,https://www.rewild.org/news/the-kaki-gets-a-larger-love-nest
https://www.globalwildlife.org/blog/the-last-best-hope-for-owstons-civet/,https://www.rewild.org/news/the-last-best-hope-for-owstons-civet
https://www.globalwildlife.org/blog/the-loa-down-how-a-small-team-is-taking-heroic-measures-for-a-species-of-frog-barely-holding-on/,https://www.rewild.org/news/the-loa-down-how-a-small-team-is-taking-heroic-measures-for-a-species-of-frog-barely-holding-on
https://www.globalwildlife.org/blog/the-neretvica-river-community-heroically-battling-for-bosnias-blue-heart/,https://www.rewild.org/news/the-neretvica-river-community-heroically-battling-for-bosnias-blue-heart
https://www.globalwildlife.org/blog/the-search-for-costa-ricas-most-mysterious-hummingbird/,https://www.rewild.org/news/the-search-for-costa-ricas-most-mysterious-hummingbird
https://www.globalwildlife.org/blog/the-search-for-the-ilin-island-cloudrunner-lost-to-science-for-66-years/,https://www.rewild.org/news/the-search-for-the-ilin-island-cloudrunner-lost-to-science-for-66-years
https://www.globalwildlife.org/blog/the-sixth-cat/,https://www.rewild.org/news/the-sixth-cat
https://www.globalwildlife.org/blog/the-special-species-under-threat-in-the-balkans/,https://www.rewild.org/news/the-special-species-under-threat-in-the-balkans
https://www.globalwildlife.org/blog/the-spirit-of-survival/,https://www.rewild.org/news/the-spirit-of-survival
https://www.globalwildlife.org/blog/the-story-behind-being-a-frontline-firefighter/,https://www.rewild.org/news/the-story-behind-being-a-frontline-firefighter
https://www.globalwildlife.org/blog/the-superheroes-of-the-squirrel-world-flying-squirrels/,https://www.rewild.org/news/the-superheroes-of-the-squirrel-world-flying-squirrels
https://www.globalwildlife.org/blog/the-wild-world-of-mounts-iglit-baco-natural-park/,https://www.rewild.org/news/the-wild-world-of-mounts-iglit-baco-natural-park
https://www.globalwildlife.org/blog/this-newly-discovered-frog-is-a-transparent-twin-with-a-strange-song/,https://www.rewild.org/news/this-newly-discovered-frog-is-a-transparent-twin-with-a-strange-song
https://www.globalwildlife.org/blog/this-tiny-lost-frog-is-an-unexpected-success-story/,https://www.rewild.org/news/this-tiny-lost-frog-is-an-unexpected-success-story
https://www.globalwildlife.org/blog/timely-decision-making-is-essential-to-save-wild-rhinos-in-indonesia-a-solution-is-in-sight/,https://www.rewild.org/news/timely-decision-making-is-essential-to-save-wild-rhinos-in-indonesia-a-solution-is-in-sight
https://www.globalwildlife.org/blog/tiny-lost-and-found-toad-becomes-harbinger-of-hope/,https://www.rewild.org/news/tiny-lost-and-found-toad-becomes-harbinger-of-hope
https://www.globalwildlife.org/blog/tracking-the-treasures-of-pu-mat-national-park/,https://www.rewild.org/news/tracking-the-treasures-of-pu-mat-national-park
https://www.globalwildlife.org/blog/traditions-tamaraw-the-challenges-rangers-face-protecting-an-endemic-species-in-the-philippines/,https://www.rewild.org/news/traditions-tamaraw-the-challenges-rangers-face-protecting-an-endemic-species-in-the-philippines
https://www.globalwildlife.org/blog/tras-anos-de-conflicto-podria-este-bosque-colombiano-esconder-una-especie-de-periquito-perdida/,https://www.rewild.org/news/tras-anos-de-conflicto-podria-este-bosque-colombiano-esconder-una-especie-de-periquito-perdida
https://www.globalwildlife.org/blog/trial-by-fire/,https://www.rewild.org/news/trial-by-fire
https://www.globalwildlife.org/blog/trouble-in-paradise-the-worlds-islands-are-home-to-extraordinary-speciesand-face-alarming-extinction-rates/,https://www.rewild.org/news/trouble-in-paradise-the-worlds-islands-are-home-to-extraordinary-speciesand-face-alarming-extinction-rates
https://www.globalwildlife.org/blog/ugrozene-vrste-na-balkanu/,https://www.rewild.org/news/ugrozene-vrste-na-balkanu
https://www.globalwildlife.org/blog/un-dia-en-la-vida-de-los-guardianes-de-nuestro-planeta/,https://www.rewild.org/news/un-dia-en-la-vida-de-los-guardianes-de-nuestro-planeta
https://www.globalwildlife.org/blog/un-futuro-esperanzador-para-la-rana-arlequin-de-la-noche-estrellada/,https://www.rewild.org/news/un-futuro-esperanzador-para-la-rana-arlequin-de-la-noche-estrellada
https://www.globalwildlife.org/blog/una-entrevista-con-la-asistente-personal-de-romeo-y-julieta/,https://www.rewild.org/news/una-entrevista-con-la-asistente-personal-de-romeo-y-julieta
https://www.globalwildlife.org/blog/update-from-the-field-search-for-the-santa-marta-toro/,https://www.rewild.org/news/update-from-the-field-search-for-the-santa-marta-toro
https://www.globalwildlife.org/blog/virungas-mountain-gorilla-population-is-growing-can-tourism-help-sustain-it-long-term/,https://www.rewild.org/news/virungas-mountain-gorilla-population-is-growing-can-tourism-help-sustain-it-long-term
https://www.globalwildlife.org/blog/volunteer-project-transforms-texas-am-undergrads-into-small-mammal-champions/,https://www.rewild.org/news/volunteer-project-transforms-texas-am-undergrads-into-small-mammal-champions
https://www.globalwildlife.org/blog/vous-voulez-etre-impressionnes-par-notre-monde-sauvage-la-foret-debo-au-cameroun-continue-de-faire-emerger-les-merveilles/,https://www.rewild.org/news/vous-voulez-etre-impressionnes-par-notre-monde-sauvage-la-foret-debo-au-cameroun-continue-de-faire-emerger-les-merveilles
https://www.globalwildlife.org/blog/want-to-be-awed-by-our-wild-world-cameroons-ebo-forest-keeps-the-wonders-coming/,https://www.rewild.org/news/want-to-be-awed-by-our-wild-world-cameroons-ebo-forest-keeps-the-wonders-coming
https://www.globalwildlife.org/blog/wanted-bird-with-an-orange-wattle-extraordinary-call-and-aura-of-mystery/,https://www.rewild.org/news/wanted-bird-with-an-orange-wattle-extraordinary-call-and-aura-of-mystery
https://www.globalwildlife.org/blog/when-a-tiny-tadpole-turns-out-to-be-a-different-lost-frog/,https://www.rewild.org/news/when-a-tiny-tadpole-turns-out-to-be-a-different-lost-frog
https://www.globalwildlife.org/blog/where-are-all-the-biodiversity-data/,https://www.rewild.org/news/where-are-all-the-biodiversity-data
https://www.globalwildlife.org/blog/where-the-dwarf-buffalo-roam-the-future-of-mounts-iglit-baco-natural-park/,https://www.rewild.org/news/where-the-dwarf-buffalo-roam-the-future-of-mounts-iglit-baco-natural-park
https://www.globalwildlife.org/blog/where-the-honduran-wild-things-are-a-qa-with-chris-jordan/,https://www.rewild.org/news/where-the-honduran-wild-things-are-a-qa-with-chris-jordan
https://www.globalwildlife.org/blog/whos-that-yellow-tailed-woolly-monkey-on-perus-money/,https://www.rewild.org/news/whos-that-yellow-tailed-woolly-monkey-on-perus-money
https://www.globalwildlife.org/blog/wildlife-rescue-efforts-in-bolivia/,https://www.rewild.org/news/wildlife-rescue-efforts-in-bolivia
https://www.globalwildlife.org/blog/world-habitat-day-joining-forces-with-nicaraguas-indigenous-rama-and-afro-descendant-kriol-people/,https://www.rewild.org/news/world-habitat-day-joining-forces-with-nicaraguas-indigenous-rama-and-afro-descendant-kriol-people
https://www.globalwildlife.org/blog/world-rhino-day-extinction-is-forever/,https://www.rewild.org/news/world-rhino-day-extinction-is-forever
https://www.globalwildlife.org/blog/worth-1000-words/,https://www.rewild.org/news/worth-1000-words
https://www.globalwildlife.org/blog/zoos-and-aquariums-come-together-to-help-trafficked-turtles/,https://www.rewild.org/news/zoos-and-aquariums-come-together-to-help-trafficked-turtles